folder_name,variant,display_name,tres_path,source_path
Airi_home,0,Airi_home,/home/augus/BA_MemorialLobby/characters/Airi_home_data.tres,/home/augus/BA_Extracted_Full/Assets/_MX/SpineLobbies/Airi_home
Airi_home,1,Airi_home,/home/augus/BA_MemorialLobby/characters/Airi_home_1_data.tres,/home/augus/BA_Extracted_Full/Assets/_MX/SpineLobbies/Airi_home
Airi_home,2,Airi_home,/home/augus/BA_MemorialLobby/characters/Airi_home_2_data.tres,/home/augus/BA_Extracted_Full/Assets/_MX/SpineLobbies/Airi_home
Airi_home,3,Airi_home,/home/augus/BA_MemorialLobby/characters/Airi_home_3_data.tres,/home/augus/BA_Extracted_Full/Assets/_MX/SpineLobbies/Airi_home
Akane_home,0,Akane_home,/home/augus/BA_MemorialLobby/characters/Akane_home_data.tres,/home/augus/BA_Extracted_Full/Assets/_MX/SpineLobbies/Akane_home
Akane_home,1,Akane_home,/home/augus/BA_MemorialLobby/characters/Akane_home_1_data.tres,/home/augus/BA_Extracted_Full/Assets/_MX/SpineLobbies/Akane_home
Akane_home,2,Akane_home,/home/augus/BA_MemorialLobby/characters/Akane_home_2_data.tres,/home/augus/BA_Extracted_Full/Assets/_MX/SpineLobbies/Akane_home
Akane_home,3,Akane_home,/home/augus/BA_MemorialLobby/characters/Akane_home_3_data.tres,/home/augus/BA_Extracted_Full/Assets/_MX/SpineLobbies/Akane_home
Ako_home,0,Ako_home,/home/augus/BA_MemorialLobby/characters/Ako_home_data.tres,/home/augus/BA_Extracted_Full/Assets/_MX/SpineLobbies/Ako_home
Ako_home,1,Ako_home,/home/augus/BA_MemorialLobby/characters/Ako_home_1_data.tres,/home/augus/BA_Extracted_Full/Assets/_MX/SpineLobbies/Ako_home
Ako_home,2,Ako_home,/home/augus/BA_MemorialLobby/characters/Ako_home_2_data.tres,/home/augus/BA_Extracted_Full/Assets/_MX/SpineLobbies/Ako_home
Ako_home,3,Ako_home,/home/augus/BA_MemorialLobby/characters/Ako_home_3_data.tres,/home/augus/BA_Extracted_Full/Assets/_MX/SpineLobbies/Ako_home
Aris_home,0,Aris_home,/home/augus/BA_MemorialLobby/characters/Aris_home_data.tres,/home/augus/BA_Extracted_Full/Assets/_MX/SpineLobbies/Aris_home
Aris_home,1,Aris_home,/home/augus/BA_MemorialLobby/characters/Aris_home_1_data.tres,/home/augus/BA_Extracted_Full/Assets/_MX/SpineLobbies/Aris_home
Aris_home,2,Aris_home,/home/augus/BA_MemorialLobby/characters/Aris_home_2_data.tres,/home/augus/BA_Extracted_Full/Assets/_MX/SpineLobbies/Aris_home
Aris_home,3,Aris_home,/home/augus/BA_MemorialLobby/characters/Aris_home_3_data.tres,/home/augus/BA_Extracted_Full/Assets/_MX/SpineLobbies/Aris_home
Aru_newyear_home,0,Aru_newyear_home,/home/augus/BA_MemorialLobby/characters/Aru_newyear_home_data.tres,/home/augus/BA_Extracted_Full/Assets/_MX/SpineLobbies/Aru_newyear_home
Aru_newyear_home,1,Aru_newyear_home,/home/augus/BA_MemorialLobby/characters/Aru_newyear_home_1_data.tres,/home/augus/BA_Extracted_Full/Assets/_MX/SpineLobbies/Aru_newyear_home
Aru_newyear_home,2,Aru_newyear_home,/home/augus/BA_MemorialLobby/characters/Aru_newyear_home_2_data.tres,/home/augus/BA_Extracted_Full/Assets/_MX/SpineLobbies/Aru_newyear_home
Aru_newyear_home,3,Aru_newyear_home,/home/augus/BA_MemorialLobby/characters/Aru_newyear_home_3_data.tres,/home/augus/BA_Extracted_Full/Assets/_MX/SpineLobbies/Aru_newyear_home
Asuna_home,0,Asuna_home,/home/augus/BA_MemorialLobby/characters/Asuna_home_data.tres,/home/augus/BA_Extracted_Full/Assets/_MX/SpineLobbies/Asuna_home
Asuna_home,1,Asuna_home,/home/augus/BA_MemorialLobby/characters/Asuna_home_1_data.tres,/home/augus/BA_Extracted_Full/Assets/_MX/SpineLobbies/Asuna_home
Asuna_home,2,Asuna_home,/home/augus/BA_MemorialLobby/characters/Asuna_home_2_data.tres,/home/augus/BA_Extracted_Full/Assets/_MX/SpineLobbies/Asuna_home
Asuna_home,3,Asuna_home,/home/augus/BA_MemorialLobby/characters/Asuna_home_3_data.tres,/home/augus/BA_Extracted_Full/Assets/_MX/SpineLobbies/Asuna_home
Atsuko_home,0,Atsuko_home,/home/augus/BA_MemorialLobby/characters/Atsuko_home_data.tres,/home/augus/BA_Extracted_Full/Assets/_MX/SpineLobbies/Atsuko_home
Atsuko_home,1,Atsuko_home,/home/augus/BA_MemorialLobby/characters/Atsuko_home_1_data.tres,/home/augus/BA_Extracted_Full/Assets/_MX/SpineLobbies/Atsuko_home
Atsuko_home,2,Atsuko_home,/home/augus/BA_MemorialLobby/characters/Atsuko_home_2_data.tres,/home/augus/BA_Extracted_Full/Assets/_MX/SpineLobbies/Atsuko_home
Atsuko_home,3,Atsuko_home,/home/augus/BA_MemorialLobby/characters/Atsuko_home_3_data.tres,/home/augus/BA_Extracted_Full/Assets/_MX/SpineLobbies/Atsuko_home
Ayane_home,0,Ayane_home,/home/augus/BA_MemorialLobby/characters/Ayane_home_data.tres,/home/augus/BA_Extracted_Full/Assets/_MX/SpineLobbies/Ayane_home
Ayane_home,1,Ayane_home,/home/augus/BA_MemorialLobby/characters/Ayane_home_1_data.tres,/home/augus/BA_Extracted_Full/Assets/_MX/SpineLobbies/Ayane_home
Ayane_home,2,Ayane_home,/home/augus/BA_MemorialLobby/characters/Ayane_home_2_data.tres,/home/augus/BA_Extracted_Full/Assets/_MX/SpineLobbies/Ayane_home
Ayane_home,3,Ayane_home,/home/augus/BA_MemorialLobby/characters/Ayane_home_3_data.tres,/home/augus/BA_Extracted_Full/Assets/_MX/SpineLobbies/Ayane_home
Azusa_home,0,Azusa_home,/home/augus/BA_MemorialLobby/characters/Azusa_home_data.tres,/home/augus/BA_Extracted_Full/Assets/_MX/SpineLobbies/Azusa_home
Azusa_home,1,Azusa_home,/home/augus/BA_MemorialLobby/characters/Azusa_home_1_data.tres,/home/augus/BA_Extracted_Full/Assets/_MX/SpineLobbies/Azusa_home
Azusa_home,2,Azusa_home,/home/augus/BA_MemorialLobby/characters/Azusa_home_2_data.tres,/home/augus/BA_Extracted_Full/Assets/_MX/SpineLobbies/Azusa_home
Azusa_home,3,Azusa_home,/home/augus/BA_MemorialLobby/characters/Azusa_home_3_data.tres,/home/augus/BA_Extracted_Full/Assets/_MX/SpineLobbies/Azusa_home
Azusa_swimsuit_home,0,Azusa_swimsuit_home,/home/augus/BA_MemorialLobby/characters/Azusa_swimsuit_home_data.tres,/home/augus/BA_Extracted_Full/Assets/_MX/SpineLobbies/Azusa_swimsuit_home
Azusa_swimsuit_home,1,Azusa_swimsuit_home,/home/augus/BA_MemorialLobby/characters/Azusa_swimsuit_home_1_data.tres,/home/augus/BA_Extracted_Full/Assets/_MX/SpineLobbies/Azusa_swimsuit_home
Azusa_swimsuit_home,2,Azusa_swimsuit_home,/home/augus/BA_MemorialLobby/characters/Azusa_swimsuit_home_2_data.tres,/home/augus/BA_Extracted_Full/Assets/_MX/SpineLobbies/Azusa_swimsuit_home
Azusa_swimsuit_home,3,Azusa_swimsuit_home,/home/augus/BA_MemorialLobby/characters/Azusa_swimsuit_home_3_data.tres,/home/augus/BA_Extracted_Full/Assets/_MX/SpineLobbies/Azusa_swimsuit_home
CH0058_home,0,CH0058_home,/home/augus/BA_MemorialLobby/characters/CH0058_home_data.tres,/home/augus/BA_Extracted_Full/Assets/_MX/SpineLobbies/CH0058_home
CH0058_home,1,CH0058_home,/home/augus/BA_MemorialLobby/characters/CH0058_home_1_data.tres,/home/augus/BA_Extracted_Full/Assets/_MX/SpineLobbies/CH0058_home
CH0058_home,2,CH0058_home,/home/augus/BA_MemorialLobby/characters/CH0058_home_2_data.tres,/home/augus/BA_Extracted_Full/Assets/_MX/SpineLobbies/CH0058_home
CH0058_home,3,CH0058_home,/home/augus/BA_MemorialLobby/characters/CH0058_home_3_data.tres,/home/augus/BA_Extracted_Full/Assets/_MX/SpineLobbies/CH0058_home
CH0063_home,0,CH0063_home,/home/augus/BA_MemorialLobby/characters/CH0063_home_data.tres,/home/augus/BA_Extracted_Full/Assets/_MX/SpineLobbies/CH0063_home
CH0063_home,1,CH0063_home,/home/augus/BA_MemorialLobby/characters/CH0063_home_1_data.tres,/home/augus/BA_Extracted_Full/Assets/_MX/SpineLobbies/CH0063_home
CH0063_home,2,CH0063_home,/home/augus/BA_MemorialLobby/characters/CH0063_home_2_data.tres,/home/augus/BA_Extracted_Full/Assets/_MX/SpineLobbies/CH0063_home
CH0063_home,3,CH0063_home,/home/augus/BA_MemorialLobby/characters/CH0063_home_3_data.tres,/home/augus/BA_Extracted_Full/Assets/_MX/SpineLobbies/CH0063_home
CH0064_home,0,CH0064_home,/home/augus/BA_MemorialLobby/characters/CH0064_home_data.tres,/home/augus/BA_Extracted_Full/Assets/_MX/SpineLobbies/CH0064_home
CH0064_home,1,CH0064_home,/home/augus/BA_MemorialLobby/characters/CH0064_home_1_data.tres,/home/augus/BA_Extracted_Full/Assets/_MX/SpineLobbies/CH0064_home
CH0064_home,2,CH0064_home,/home/augus/BA_MemorialLobby/characters/CH0064_home_2_data.tres,/home/augus/BA_Extracted_Full/Assets/_MX/SpineLobbies/CH0064_home
CH0064_home,3,CH0064_home,/home/augus/BA_MemorialLobby/characters/CH0064_home_3_data.tres,/home/augus/BA_Extracted_Full/Assets/_MX/SpineLobbies/CH0064_home
CH0066_home,0,CH0066_home,/home/augus/BA_MemorialLobby/characters/CH0066_home_data.tres,/home/augus/BA_Extracted_Full/Assets/_MX/SpineLobbies/CH0066_home
CH0066_home,1,CH0066_home,/home/augus/BA_MemorialLobby/characters/CH0066_home_1_data.tres,/home/augus/BA_Extracted_Full/Assets/_MX/SpineLobbies/CH0066_home
CH0066_home,2,CH0066_home,/home/augus/BA_MemorialLobby/characters/CH0066_home_2_data.tres,/home/augus/BA_Extracted_Full/Assets/_MX/SpineLobbies/CH0066_home
CH0066_home,3,CH0066_home,/home/augus/BA_MemorialLobby/characters/CH0066_home_3_data.tres,/home/augus/BA_Extracted_Full/Assets/_MX/SpineLobbies/CH0066_home
CH0069_home,0,CH0069_home,/home/augus/BA_MemorialLobby/characters/CH0069_home_data.tres,/home/augus/BA_Extracted_Full/Assets/_MX/SpineLobbies/CH0069_home
CH0069_home,1,CH0069_home,/home/augus/BA_MemorialLobby/characters/CH0069_home_1_data.tres,/home/augus/BA_Extracted_Full/Assets/_MX/SpineLobbies/CH0069_home
CH0069_home,2,CH0069_home,/home/augus/BA_MemorialLobby/characters/CH0069_home_2_data.tres,/home/augus/BA_Extracted_Full/Assets/_MX/SpineLobbies/CH0069_home
CH0069_home,3,CH0069_home,/home/augus/BA_MemorialLobby/characters/CH0069_home_3_data.tres,/home/augus/BA_Extracted_Full/Assets/_MX/SpineLobbies/CH0069_home
CH0070_home,0,CH0070_home,/home/augus/BA_MemorialLobby/characters/CH0070_home_data.tres,/home/augus/BA_Extracted_Full/Assets/_MX/SpineLobbies/CH0070_home
CH0070_home,1,CH0070_home,/home/augus/BA_MemorialLobby/characters/CH0070_home_1_data.tres,/home/augus/BA_Extracted_Full/Assets/_MX/SpineLobbies/CH0070_home
CH0070_home,2,CH0070_home,/home/augus/BA_MemorialLobby/characters/CH0070_home_2_data.tres,/home/augus/BA_Extracted_Full/Assets/_MX/SpineLobbies/CH0070_home
CH0070_home,3,CH0070_home,/home/augus/BA_MemorialLobby/characters/CH0070_home_3_data.tres,/home/augus/BA_Extracted_Full/Assets/_MX/SpineLobbies/CH0070_home
CH0070_home_GL,0,CH0070_home_GL,/home/augus/BA_MemorialLobby/characters/CH0070_home_GL_data.tres,/home/augus/BA_Extracted_Full/Assets/_MX/SpineLobbies/CH0070_home_GL
CH0070_home_GL,1,CH0070_home_GL,/home/augus/BA_MemorialLobby/characters/CH0070_home_GL_1_data.tres,/home/augus/BA_Extracted_Full/Assets/_MX/SpineLobbies/CH0070_home_GL
CH0070_home_GL,2,CH0070_home_GL,/home/augus/BA_MemorialLobby/characters/CH0070_home_GL_2_data.tres,/home/augus/BA_Extracted_Full/Assets/_MX/SpineLobbies/CH0070_home_GL
CH0070_home_GL,3,CH0070_home_GL,/home/augus/BA_MemorialLobby/characters/CH0070_home_GL_3_data.tres,/home/augus/BA_Extracted_Full/Assets/_MX/SpineLobbies/CH0070_home_GL
CH0071_home,0,CH0071_home,/home/augus/BA_MemorialLobby/characters/CH0071_home_data.tres,/home/augus/BA_Extracted_Full/Assets/_MX/SpineLobbies/CH0071_home
CH0071_home,1,CH0071_home,/home/augus/BA_MemorialLobby/characters/CH0071_home_1_data.tres,/home/augus/BA_Extracted_Full/Assets/_MX/SpineLobbies/CH0071_home
CH0071_home,2,CH0071_home,/home/augus/BA_MemorialLobby/characters/CH0071_home_2_data.tres,/home/augus/BA_Extracted_Full/Assets/_MX/SpineLobbies/CH0071_home
CH0071_home,3,CH0071_home,/home/augus/BA_MemorialLobby/characters/CH0071_home_3_data.tres,/home/augus/BA_Extracted_Full/Assets/_MX/SpineLobbies/CH0071_home
CH0079_home,0,CH0079_home,/home/augus/BA_MemorialLobby/characters/CH0079_home_data.tres,/home/augus/BA_Extracted_Full/Assets/_MX/SpineLobbies/CH0079_home
CH0079_home,1,CH0079_home,/home/augus/BA_MemorialLobby/characters/CH0079_home_1_data.tres,/home/augus/BA_Extracted_Full/Assets/_MX/SpineLobbies/CH0079_home
CH0079_home,2,CH0079_home,/home/augus/BA_MemorialLobby/characters/CH0079_home_2_data.tres,/home/augus/BA_Extracted_Full/Assets/_MX/SpineLobbies/CH0079_home
CH0079_home,3,CH0079_home,/home/augus/BA_MemorialLobby/characters/CH0079_home_3_data.tres,/home/augus/BA_Extracted_Full/Assets/_MX/SpineLobbies/CH0079_home
CH0080_home,0,CH0080_home,/home/augus/BA_MemorialLobby/characters/CH0080_home_data.tres,/home/augus/BA_Extracted_Full/Assets/_MX/SpineLobbies/CH0080_home
CH0080_home,1,CH0080_home,/home/augus/BA_MemorialLobby/characters/CH0080_home_1_data.tres,/home/augus/BA_Extracted_Full/Assets/_MX/SpineLobbies/CH0080_home
CH0080_home,2,CH0080_home,/home/augus/BA_MemorialLobby/characters/CH0080_home_2_data.tres,/home/augus/BA_Extracted_Full/Assets/_MX/SpineLobbies/CH0080_home
CH0080_home,3,CH0080_home,/home/augus/BA_MemorialLobby/characters/CH0080_home_3_data.tres,/home/augus/BA_Extracted_Full/Assets/_MX/SpineLobbies/CH0080_home
CH0081_home,0,CH0081_home,/home/augus/BA_MemorialLobby/characters/CH0081_home_data.tres,/home/augus/BA_Extracted_Full/Assets/_MX/SpineLobbies/CH0081_home
CH0081_home,1,CH0081_home,/home/augus/BA_MemorialLobby/characters/CH0081_home_1_data.tres,/home/augus/BA_Extracted_Full/Assets/_MX/SpineLobbies/CH0081_home
CH0081_home,2,CH0081_home,/home/augus/BA_MemorialLobby/characters/CH0081_home_2_data.tres,/home/augus/BA_Extracted_Full/Assets/_MX/SpineLobbies/CH0081_home
CH0081_home,3,CH0081_home,/home/augus/BA_MemorialLobby/characters/CH0081_home_3_data.tres,/home/augus/BA_Extracted_Full/Assets/_MX/SpineLobbies/CH0081_home
CH0082_home,0,CH0082_home,/home/augus/BA_MemorialLobby/characters/CH0082_home_data.tres,/home/augus/BA_Extracted_Full/Assets/_MX/SpineLobbies/CH0082_home
CH0082_home,1,CH0082_home,/home/augus/BA_MemorialLobby/characters/CH0082_home_1_data.tres,/home/augus/BA_Extracted_Full/Assets/_MX/SpineLobbies/CH0082_home
CH0082_home,2,CH0082_home,/home/augus/BA_MemorialLobby/characters/CH0082_home_2_data.tres,/home/augus/BA_Extracted_Full/Assets/_MX/SpineLobbies/CH0082_home
CH0082_home,3,CH0082_home,/home/augus/BA_MemorialLobby/characters/CH0082_home_3_data.tres,/home/augus/BA_Extracted_Full/Assets/_MX/SpineLobbies/CH0082_home
CH0086_home,0,CH0086_home,/home/augus/BA_MemorialLobby/characters/CH0086_home_data.tres,/home/augus/BA_Extracted_Full/Assets/_MX/SpineLobbies/CH0086_home
CH0086_home,1,CH0086_home,/home/augus/BA_MemorialLobby/characters/CH0086_home_1_data.tres,/home/augus/BA_Extracted_Full/Assets/_MX/SpineLobbies/CH0086_home
CH0086_home,2,CH0086_home,/home/augus/BA_MemorialLobby/characters/CH0086_home_2_data.tres,/home/augus/BA_Extracted_Full/Assets/_MX/SpineLobbies/CH0086_home
CH0086_home,3,CH0086_home,/home/augus/BA_MemorialLobby/characters/CH0086_home_3_data.tres,/home/augus/BA_Extracted_Full/Assets/_MX/SpineLobbies/CH0086_home
CH0087_home,0,CH0087_home,/home/augus/BA_MemorialLobby/characters/CH0087_home_data.tres,/home/augus/BA_Extracted_Full/Assets/_MX/SpineLobbies/CH0087_home
CH0087_home,1,CH0087_home,/home/augus/BA_MemorialLobby/characters/CH0087_home_1_data.tres,/home/augus/BA_Extracted_Full/Assets/_MX/SpineLobbies/CH0087_home
CH0087_home,2,CH0087_home,/home/augus/BA_MemorialLobby/characters/CH0087_home_2_data.tres,/home/augus/BA_Extracted_Full/Assets/_MX/SpineLobbies/CH0087_home
CH0087_home,3,CH0087_home,/home/augus/BA_MemorialLobby/characters/CH0087_home_3_data.tres,/home/augus/BA_Extracted_Full/Assets/_MX/SpineLobbies/CH0087_home
CH0088_home,0,CH0088_home,/home/augus/BA_MemorialLobby/characters/CH0088_home_data.tres,/home/augus/BA_Extracted_Full/Assets/_MX/SpineLobbies/CH0088_home
CH0088_home,1,CH0088_home,/home/augus/BA_MemorialLobby/characters/CH0088_home_1_data.tres,/home/augus/BA_Extracted_Full/Assets/_MX/SpineLobbies/CH0088_home
CH0088_home,2,CH0088_home,/home/augus/BA_MemorialLobby/characters/CH0088_home_2_data.tres,/home/augus/BA_Extracted_Full/Assets/_MX/SpineLobbies/CH0088_home
CH0088_home,3,CH0088_home,/home/augus/BA_MemorialLobby/characters/CH0088_home_3_data.tres,/home/augus/BA_Extracted_Full/Assets/_MX/SpineLobbies/CH0088_home
CH0089_home,0,CH0089_home,/home/augus/BA_MemorialLobby/characters/CH0089_home_data.tres,/home/augus/BA_Extracted_Full/Assets/_MX/SpineLobbies/CH0089_home
CH0089_home,1,CH0089_home,/home/augus/BA_MemorialLobby/characters/CH0089_home_1_data.tres,/home/augus/BA_Extracted_Full/Assets/_MX/SpineLobbies/CH0089_home
CH0089_home,2,CH0089_home,/home/augus/BA_MemorialLobby/characters/CH0089_home_2_data.tres,/home/augus/BA_Extracted_Full/Assets/_MX/SpineLobbies/CH0089_home
CH0089_home,3,CH0089_home,/home/augus/BA_MemorialLobby/characters/CH0089_home_3_data.tres,/home/augus/BA_Extracted_Full/Assets/_MX/SpineLobbies/CH0089_home
CH0092_home,0,CH0092_home,/home/augus/BA_MemorialLobby/characters/CH0092_home_data.tres,/home/augus/BA_Extracted_Full/Assets/_MX/SpineLobbies/CH0092_home
CH0092_home,1,CH0092_home,/home/augus/BA_MemorialLobby/characters/CH0092_home_1_data.tres,/home/augus/BA_Extracted_Full/Assets/_MX/SpineLobbies/CH0092_home
CH0092_home,2,CH0092_home,/home/augus/BA_MemorialLobby/characters/CH0092_home_2_data.tres,/home/augus/BA_Extracted_Full/Assets/_MX/SpineLobbies/CH0092_home
CH0092_home,3,CH0092_home,/home/augus/BA_MemorialLobby/characters/CH0092_home_3_data.tres,/home/augus/BA_Extracted_Full/Assets/_MX/SpineLobbies/CH0092_home
CH0095_home,0,CH0095_home,/home/augus/BA_MemorialLobby/characters/CH0095_home_data.tres,/home/augus/BA_Extracted_Full/Assets/_MX/SpineLobbies/CH0095_home
CH0095_home,1,CH0095_home,/home/augus/BA_MemorialLobby/characters/CH0095_home_1_data.tres,/home/augus/BA_Extracted_Full/Assets/_MX/SpineLobbies/CH0095_home
CH0095_home,2,CH0095_home,/home/augus/BA_MemorialLobby/characters/CH0095_home_2_data.tres,/home/augus/BA_Extracted_Full/Assets/_MX/SpineLobbies/CH0095_home
CH0095_home,3,CH0095_home,/home/augus/BA_MemorialLobby/characters/CH0095_home_3_data.tres,/home/augus/BA_Extracted_Full/Assets/_MX/SpineLobbies/CH0095_home
CH0098_home,0,CH0098_home,/home/augus/BA_MemorialLobby/characters/CH0098_home_data.tres,/home/augus/BA_Extracted_Full/Assets/_MX/SpineLobbies/CH0098_home
CH0098_home,1,CH0098_home,/home/augus/BA_MemorialLobby/characters/CH0098_home_1_data.tres,/home/augus/BA_Extracted_Full/Assets/_MX/SpineLobbies/CH0098_home
CH0098_home,2,CH0098_home,/home/augus/BA_MemorialLobby/characters/CH0098_home_2_data.tres,/home/augus/BA_Extracted_Full/Assets/_MX/SpineLobbies/CH0098_home
CH0098_home,3,CH0098_home,/home/augus/BA_MemorialLobby/characters/CH0098_home_3_data.tres,/home/augus/BA_Extracted_Full/Assets/_MX/SpineLobbies/CH0098_home
CH0099_home,0,CH0099_home,/home/augus/BA_MemorialLobby/characters/CH0099_home_data.tres,/home/augus/BA_Extracted_Full/Assets/_MX/SpineLobbies/CH0099_home
CH0099_home,1,CH0099_home,/home/augus/BA_MemorialLobby/characters/CH0099_home_1_data.tres,/home/augus/BA_Extracted_Full/Assets/_MX/SpineLobbies/CH0099_home
CH0099_home,2,CH0099_home,/home/augus/BA_MemorialLobby/characters/CH0099_home_2_data.tres,/home/augus/BA_Extracted_Full/Assets/_MX/SpineLobbies/CH0099_home
CH0099_home,3,CH0099_home,/home/augus/BA_MemorialLobby/characters/CH0099_home_3_data.tres,/home/augus/BA_Extracted_Full/Assets/_MX/SpineLobbies/CH0099_home
CH0100_home,0,CH0100_home,/home/augus/BA_MemorialLobby/characters/CH0100_home_data.tres,/home/augus/BA_Extracted_Full/Assets/_MX/SpineLobbies/CH0100_home
CH0100_home,1,CH0100_home,/home/augus/BA_MemorialLobby/characters/CH0100_home_1_data.tres,/home/augus/BA_Extracted_Full/Assets/_MX/SpineLobbies/CH0100_home
CH0100_home,2,CH0100_home,/home/augus/BA_MemorialLobby/characters/CH0100_home_2_data.tres,/home/augus/BA_Extracted_Full/Assets/_MX/SpineLobbies/CH0100_home
CH0100_home,3,CH0100_home,/home/augus/BA_MemorialLobby/characters/CH0100_home_3_data.tres,/home/augus/BA_Extracted_Full/Assets/_MX/SpineLobbies/CH0100_home
CH0101_home,0,CH0101_home,/home/augus/BA_MemorialLobby/characters/CH0101_home_data.tres,/home/augus/BA_Extracted_Full/Assets/_MX/SpineLobbies/CH0101_home
CH0101_home,1,CH0101_home,/home/augus/BA_MemorialLobby/characters/CH0101_home_1_data.tres,/home/augus/BA_Extracted_Full/Assets/_MX/SpineLobbies/CH0101_home
CH0101_home,2,CH0101_home,/home/augus/BA_MemorialLobby/characters/CH0101_home_2_data.tres,/home/augus/BA_Extracted_Full/Assets/_MX/SpineLobbies/CH0101_home
CH0101_home,3,CH0101_home,/home/augus/BA_MemorialLobby/characters/CH0101_home_3_data.tres,/home/augus/BA_Extracted_Full/Assets/_MX/SpineLobbies/CH0101_home
CH0107_home,0,CH0107_home,/home/augus/BA_MemorialLobby/characters/CH0107_home_data.tres,/home/augus/BA_Extracted_Full/Assets/_MX/SpineLobbies/CH0107_home
CH0107_home,1,CH0107_home,/home/augus/BA_MemorialLobby/characters/CH0107_home_1_data.tres,/home/augus/BA_Extracted_Full/Assets/_MX/SpineLobbies/CH0107_home
CH0107_home,2,CH0107_home,/home/augus/BA_MemorialLobby/characters/CH0107_home_2_data.tres,/home/augus/BA_Extracted_Full/Assets/_MX/SpineLobbies/CH0107_home
CH0107_home,3,CH0107_home,/home/augus/BA_MemorialLobby/characters/CH0107_home_3_data.tres,/home/augus/BA_Extracted_Full/Assets/_MX/SpineLobbies/CH0107_home
CH0109_home,0,CH0109_home,/home/augus/BA_MemorialLobby/characters/CH0109_home_data.tres,/home/augus/BA_Extracted_Full/Assets/_MX/SpineLobbies/CH0109_home
CH0109_home,1,CH0109_home,/home/augus/BA_MemorialLobby/characters/CH0109_home_1_data.tres,/home/augus/BA_Extracted_Full/Assets/_MX/SpineLobbies/CH0109_home
CH0109_home,2,CH0109_home,/home/augus/BA_MemorialLobby/characters/CH0109_home_2_data.tres,/home/augus/BA_Extracted_Full/Assets/_MX/SpineLobbies/CH0109_home
CH0109_home,3,CH0109_home,/home/augus/BA_MemorialLobby/characters/CH0109_home_3_data.tres,/home/augus/BA_Extracted_Full/Assets/_MX/SpineLobbies/CH0109_home
CH0110_home,0,CH0110_home,/home/augus/BA_MemorialLobby/characters/CH0110_home_data.tres,/home/augus/BA_Extracted_Full/Assets/_MX/SpineLobbies/CH0110_home
CH0110_home,1,CH0110_home,/home/augus/BA_MemorialLobby/characters/CH0110_home_1_data.tres,/home/augus/BA_Extracted_Full/Assets/_MX/SpineLobbies/CH0110_home
CH0110_home,2,CH0110_home,/home/augus/BA_MemorialLobby/characters/CH0110_home_2_data.tres,/home/augus/BA_Extracted_Full/Assets/_MX/SpineLobbies/CH0110_home
CH0110_home,3,CH0110_home,/home/augus/BA_MemorialLobby/characters/CH0110_home_3_data.tres,/home/augus/BA_Extracted_Full/Assets/_MX/SpineLobbies/CH0110_home
CH0113_home,0,CH0113_home,/home/augus/BA_MemorialLobby/characters/CH0113_home_data.tres,/home/augus/BA_Extracted_Full/Assets/_MX/SpineLobbies/CH0113_home
CH0113_home,1,CH0113_home,/home/augus/BA_MemorialLobby/characters/CH0113_home_1_data.tres,/home/augus/BA_Extracted_Full/Assets/_MX/SpineLobbies/CH0113_home
CH0113_home,2,CH0113_home,/home/augus/BA_MemorialLobby/characters/CH0113_home_2_data.tres,/home/augus/BA_Extracted_Full/Assets/_MX/SpineLobbies/CH0113_home
CH0113_home,3,CH0113_home,/home/augus/BA_MemorialLobby/characters/CH0113_home_3_data.tres,/home/augus/BA_Extracted_Full/Assets/_MX/SpineLobbies/CH0113_home
CH0114_home,0,CH0114_home,/home/augus/BA_MemorialLobby/characters/CH0114_home_data.tres,/home/augus/BA_Extracted_Full/Assets/_MX/SpineLobbies/CH0114_home
CH0114_home,1,CH0114_home,/home/augus/BA_MemorialLobby/characters/CH0114_home_1_data.tres,/home/augus/BA_Extracted_Full/Assets/_MX/SpineLobbies/CH0114_home
CH0114_home,2,CH0114_home,/home/augus/BA_MemorialLobby/characters/CH0114_home_2_data.tres,/home/augus/BA_Extracted_Full/Assets/_MX/SpineLobbies/CH0114_home
CH0114_home,3,CH0114_home,/home/augus/BA_MemorialLobby/characters/CH0114_home_3_data.tres,/home/augus/BA_Extracted_Full/Assets/_MX/SpineLobbies/CH0114_home
CH0123_home,0,CH0123_home,/home/augus/BA_MemorialLobby/characters/CH0123_home_data.tres,/home/augus/BA_Extracted_Full/Assets/_MX/SpineLobbies/CH0123_home
CH0123_home,1,CH0123_home,/home/augus/BA_MemorialLobby/characters/CH0123_home_1_data.tres,/home/augus/BA_Extracted_Full/Assets/_MX/SpineLobbies/CH0123_home
CH0123_home,2,CH0123_home,/home/augus/BA_MemorialLobby/characters/CH0123_home_2_data.tres,/home/augus/BA_Extracted_Full/Assets/_MX/SpineLobbies/CH0123_home
CH0123_home,3,CH0123_home,/home/augus/BA_MemorialLobby/characters/CH0123_home_3_data.tres,/home/augus/BA_Extracted_Full/Assets/_MX/SpineLobbies/CH0123_home
CH0124_home,0,CH0124_home,/home/augus/BA_MemorialLobby/characters/CH0124_home_data.tres,/home/augus/BA_Extracted_Full/Assets/_MX/SpineLobbies/CH0124_home
CH0124_home,1,CH0124_home,/home/augus/BA_MemorialLobby/characters/CH0124_home_1_data.tres,/home/augus/BA_Extracted_Full/Assets/_MX/SpineLobbies/CH0124_home
CH0124_home,2,CH0124_home,/home/augus/BA_MemorialLobby/characters/CH0124_home_2_data.tres,/home/augus/BA_Extracted_Full/Assets/_MX/SpineLobbies/CH0124_home
CH0124_home,3,CH0124_home,/home/augus/BA_MemorialLobby/characters/CH0124_home_3_data.tres,/home/augus/BA_Extracted_Full/Assets/_MX/SpineLobbies/CH0124_home
CH0135_home,0,CH0135_home,/home/augus/BA_MemorialLobby/characters/CH0135_home_data.tres,/home/augus/BA_Extracted_Full/Assets/_MX/SpineLobbies/CH0135_home
CH0135_home,1,CH0135_home,/home/augus/BA_MemorialLobby/characters/CH0135_home_1_data.tres,/home/augus/BA_Extracted_Full/Assets/_MX/SpineLobbies/CH0135_home
CH0135_home,2,CH0135_home,/home/augus/BA_MemorialLobby/characters/CH0135_home_2_data.tres,/home/augus/BA_Extracted_Full/Assets/_MX/SpineLobbies/CH0135_home
CH0135_home,3,CH0135_home,/home/augus/BA_MemorialLobby/characters/CH0135_home_3_data.tres,/home/augus/BA_Extracted_Full/Assets/_MX/SpineLobbies/CH0135_home
CH0137_home,0,CH0137_home,/home/augus/BA_MemorialLobby/characters/CH0137_home_data.tres,/home/augus/BA_Extracted_Full/Assets/_MX/SpineLobbies/CH0137_home
CH0137_home,1,CH0137_home,/home/augus/BA_MemorialLobby/characters/CH0137_home_1_data.tres,/home/augus/BA_Extracted_Full/Assets/_MX/SpineLobbies/CH0137_home
CH0137_home,2,CH0137_home,/home/augus/BA_MemorialLobby/characters/CH0137_home_2_data.tres,/home/augus/BA_Extracted_Full/Assets/_MX/SpineLobbies/CH0137_home
CH0137_home,3,CH0137_home,/home/augus/BA_MemorialLobby/characters/CH0137_home_3_data.tres,/home/augus/BA_Extracted_Full/Assets/_MX/SpineLobbies/CH0137_home
CH0138_home,0,CH0138_home,/home/augus/BA_MemorialLobby/characters/CH0138_home_data.tres,/home/augus/BA_Extracted_Full/Assets/_MX/SpineLobbies/CH0138_home
CH0138_home,1,CH0138_home,/home/augus/BA_MemorialLobby/characters/CH0138_home_1_data.tres,/home/augus/BA_Extracted_Full/Assets/_MX/SpineLobbies/CH0138_home
CH0138_home,2,CH0138_home,/home/augus/BA_MemorialLobby/characters/CH0138_home_2_data.tres,/home/augus/BA_Extracted_Full/Assets/_MX/SpineLobbies/CH0138_home
CH0138_home,3,CH0138_home,/home/augus/BA_MemorialLobby/characters/CH0138_home_3_data.tres,/home/augus/BA_Extracted_Full/Assets/_MX/SpineLobbies/CH0138_home
CH0139_home,0,CH0139_home,/home/augus/BA_MemorialLobby/characters/CH0139_home_data.tres,/home/augus/BA_Extracted_Full/Assets/_MX/SpineLobbies/CH0139_home
CH0139_home,1,CH0139_home,/home/augus/BA_MemorialLobby/characters/CH0139_home_1_data.tres,/home/augus/BA_Extracted_Full/Assets/_MX/SpineLobbies/CH0139_home
CH0139_home,2,CH0139_home,/home/augus/BA_MemorialLobby/characters/CH0139_home_2_data.tres,/home/augus/BA_Extracted_Full/Assets/_MX/SpineLobbies/CH0139_home
CH0139_home,3,CH0139_home,/home/augus/BA_MemorialLobby/characters/CH0139_home_3_data.tres,/home/augus/BA_Extracted_Full/Assets/_MX/SpineLobbies/CH0139_home
CH0141_home,0,CH0141_home,/home/augus/BA_MemorialLobby/characters/CH0141_home_data.tres,/home/augus/BA_Extracted_Full/Assets/_MX/SpineLobbies/CH0141_home
CH0141_home,1,CH0141_home,/home/augus/BA_MemorialLobby/characters/CH0141_home_1_data.tres,/home/augus/BA_Extracted_Full/Assets/_MX/SpineLobbies/CH0141_home
CH0141_home,2,CH0141_home,/home/augus/BA_MemorialLobby/characters/CH0141_home_2_data.tres,/home/augus/BA_Extracted_Full/Assets/_MX/SpineLobbies/CH0141_home
CH0141_home,3,CH0141_home,/home/augus/BA_MemorialLobby/characters/CH0141_home_3_data.tres,/home/augus/BA_Extracted_Full/Assets/_MX/SpineLobbies/CH0141_home
CH0144_home,0,CH0144_home,/home/augus/BA_MemorialLobby/characters/CH0144_home_data.tres,/home/augus/BA_Extracted_Full/Assets/_MX/SpineLobbies/CH0144_home
CH0144_home,1,CH0144_home,/home/augus/BA_MemorialLobby/characters/CH0144_home_1_data.tres,/home/augus/BA_Extracted_Full/Assets/_MX/SpineLobbies/CH0144_home
CH0144_home,2,CH0144_home,/home/augus/BA_MemorialLobby/characters/CH0144_home_2_data.tres,/home/augus/BA_Extracted_Full/Assets/_MX/SpineLobbies/CH0144_home
CH0144_home,3,CH0144_home,/home/augus/BA_MemorialLobby/characters/CH0144_home_3_data.tres,/home/augus/BA_Extracted_Full/Assets/_MX/SpineLobbies/CH0144_home
CH0145_home,0,CH0145_home,/home/augus/BA_MemorialLobby/characters/CH0145_home_data.tres,/home/augus/BA_Extracted_Full/Assets/_MX/SpineLobbies/CH0145_home
CH0145_home,1,CH0145_home,/home/augus/BA_MemorialLobby/characters/CH0145_home_1_data.tres,/home/augus/BA_Extracted_Full/Assets/_MX/SpineLobbies/CH0145_home
CH0145_home,2,CH0145_home,/home/augus/BA_MemorialLobby/characters/CH0145_home_2_data.tres,/home/augus/BA_Extracted_Full/Assets/_MX/SpineLobbies/CH0145_home
CH0145_home,3,CH0145_home,/home/augus/BA_MemorialLobby/characters/CH0145_home_3_data.tres,/home/augus/BA_Extracted_Full/Assets/_MX/SpineLobbies/CH0145_home
CH0152_home,0,CH0152_home,/home/augus/BA_MemorialLobby/characters/CH0152_home_data.tres,/home/augus/BA_Extracted_Full/Assets/_MX/SpineLobbies/CH0152_home
CH0152_home,1,CH0152_home,/home/augus/BA_MemorialLobby/characters/CH0152_home_1_data.tres,/home/augus/BA_Extracted_Full/Assets/_MX/SpineLobbies/CH0152_home
CH0152_home,2,CH0152_home,/home/augus/BA_MemorialLobby/characters/CH0152_home_2_data.tres,/home/augus/BA_Extracted_Full/Assets/_MX/SpineLobbies/CH0152_home
CH0152_home,3,CH0152_home,/home/augus/BA_MemorialLobby/characters/CH0152_home_3_data.tres,/home/augus/BA_Extracted_Full/Assets/_MX/SpineLobbies/CH0152_home
CH0155_home,0,CH0155_home,/home/augus/BA_MemorialLobby/characters/CH0155_home_data.tres,/home/augus/BA_Extracted_Full/Assets/_MX/SpineLobbies/CH0155_home
CH0155_home,1,CH0155_home,/home/augus/BA_MemorialLobby/characters/CH0155_home_1_data.tres,/home/augus/BA_Extracted_Full/Assets/_MX/SpineLobbies/CH0155_home
CH0155_home,2,CH0155_home,/home/augus/BA_MemorialLobby/characters/CH0155_home_2_data.tres,/home/augus/BA_Extracted_Full/Assets/_MX/SpineLobbies/CH0155_home
CH0155_home,3,CH0155_home,/home/augus/BA_MemorialLobby/characters/CH0155_home_3_data.tres,/home/augus/BA_Extracted_Full/Assets/_MX/SpineLobbies/CH0155_home
CH0156_home,0,CH0156_home,/home/augus/BA_MemorialLobby/characters/CH0156_home_data.tres,/home/augus/BA_Extracted_Full/Assets/_MX/SpineLobbies/CH0156_home
CH0156_home,1,CH0156_home,/home/augus/BA_MemorialLobby/characters/CH0156_home_1_data.tres,/home/augus/BA_Extracted_Full/Assets/_MX/SpineLobbies/CH0156_home
CH0156_home,2,CH0156_home,/home/augus/BA_MemorialLobby/characters/CH0156_home_2_data.tres,/home/augus/BA_Extracted_Full/Assets/_MX/SpineLobbies/CH0156_home
CH0156_home,3,CH0156_home,/home/augus/BA_MemorialLobby/characters/CH0156_home_3_data.tres,/home/augus/BA_Extracted_Full/Assets/_MX/SpineLobbies/CH0156_home
CH0158_home,0,CH0158_home,/home/augus/BA_MemorialLobby/characters/CH0158_home_data.tres,/home/augus/BA_Extracted_Full/Assets/_MX/SpineLobbies/CH0158_home
CH0158_home,1,CH0158_home,/home/augus/BA_MemorialLobby/characters/CH0158_home_1_data.tres,/home/augus/BA_Extracted_Full/Assets/_MX/SpineLobbies/CH0158_home
CH0158_home,2,CH0158_home,/home/augus/BA_MemorialLobby/characters/CH0158_home_2_data.tres,/home/augus/BA_Extracted_Full/Assets/_MX/SpineLobbies/CH0158_home
CH0158_home,3,CH0158_home,/home/augus/BA_MemorialLobby/characters/CH0158_home_3_data.tres,/home/augus/BA_Extracted_Full/Assets/_MX/SpineLobbies/CH0158_home
CH0159_home,0,CH0159_home,/home/augus/BA_MemorialLobby/characters/CH0159_home_data.tres,/home/augus/BA_Extracted_Full/Assets/_MX/SpineLobbies/CH0159_home
CH0159_home,1,CH0159_home,/home/augus/BA_MemorialLobby/characters/CH0159_home_1_data.tres,/home/augus/BA_Extracted_Full/Assets/_MX/SpineLobbies/CH0159_home
CH0159_home,2,CH0159_home,/home/augus/BA_MemorialLobby/characters/CH0159_home_2_data.tres,/home/augus/BA_Extracted_Full/Assets/_MX/SpineLobbies/CH0159_home
CH0159_home,3,CH0159_home,/home/augus/BA_MemorialLobby/characters/CH0159_home_3_data.tres,/home/augus/BA_Extracted_Full/Assets/_MX/SpineLobbies/CH0159_home
CH0160_home,0,CH0160_home,/home/augus/BA_MemorialLobby/characters/CH0160_home_data.tres,/home/augus/BA_Extracted_Full/Assets/_MX/SpineLobbies/CH0160_home
CH0160_home,1,CH0160_home,/home/augus/BA_MemorialLobby/characters/CH0160_home_1_data.tres,/home/augus/BA_Extracted_Full/Assets/_MX/SpineLobbies/CH0160_home
CH0160_home,2,CH0160_home,/home/augus/BA_MemorialLobby/characters/CH0160_home_2_data.tres,/home/augus/BA_Extracted_Full/Assets/_MX/SpineLobbies/CH0160_home
CH0160_home,3,CH0160_home,/home/augus/BA_MemorialLobby/characters/CH0160_home_3_data.tres,/home/augus/BA_Extracted_Full/Assets/_MX/SpineLobbies/CH0160_home
CH0161_home,0,CH0161_home,/home/augus/BA_MemorialLobby/characters/CH0161_home_data.tres,/home/augus/BA_Extracted_Full/Assets/_MX/SpineLobbies/CH0161_home
CH0161_home,1,CH0161_home,/home/augus/BA_MemorialLobby/characters/CH0161_home_1_data.tres,/home/augus/BA_Extracted_Full/Assets/_MX/SpineLobbies/CH0161_home
CH0161_home,2,CH0161_home,/home/augus/BA_MemorialLobby/characters/CH0161_home_2_data.tres,/home/augus/BA_Extracted_Full/Assets/_MX/SpineLobbies/CH0161_home
CH0161_home,3,CH0161_home,/home/augus/BA_MemorialLobby/characters/CH0161_home_3_data.tres,/home/augus/BA_Extracted_Full/Assets/_MX/SpineLobbies/CH0161_home
CH0163_home,0,CH0163_home,/home/augus/BA_MemorialLobby/characters/CH0163_home_data.tres,/home/augus/BA_Extracted_Full/Assets/_MX/SpineLobbies/CH0163_home
CH0163_home,1,CH0163_home,/home/augus/BA_MemorialLobby/characters/CH0163_home_1_data.tres,/home/augus/BA_Extracted_Full/Assets/_MX/SpineLobbies/CH0163_home
CH0163_home,2,CH0163_home,/home/augus/BA_MemorialLobby/characters/CH0163_home_2_data.tres,/home/augus/BA_Extracted_Full/Assets/_MX/SpineLobbies/CH0163_home
CH0163_home,3,CH0163_home,/home/augus/BA_MemorialLobby/characters/CH0163_home_3_data.tres,/home/augus/BA_Extracted_Full/Assets/_MX/SpineLobbies/CH0163_home
CH0164_home,0,CH0164_home,/home/augus/BA_MemorialLobby/characters/CH0164_home_data.tres,/home/augus/BA_Extracted_Full/Assets/_MX/SpineLobbies/CH0164_home
CH0164_home,1,CH0164_home,/home/augus/BA_MemorialLobby/characters/CH0164_home_1_data.tres,/home/augus/BA_Extracted_Full/Assets/_MX/SpineLobbies/CH0164_home
CH0164_home,2,CH0164_home,/home/augus/BA_MemorialLobby/characters/CH0164_home_2_data.tres,/home/augus/BA_Extracted_Full/Assets/_MX/SpineLobbies/CH0164_home
CH0164_home,3,CH0164_home,/home/augus/BA_MemorialLobby/characters/CH0164_home_3_data.tres,/home/augus/BA_Extracted_Full/Assets/_MX/SpineLobbies/CH0164_home
CH0165_home,0,CH0165_home,/home/augus/BA_MemorialLobby/characters/CH0165_home_data.tres,/home/augus/BA_Extracted_Full/Assets/_MX/SpineLobbies/CH0165_home
CH0165_home,1,CH0165_home,/home/augus/BA_MemorialLobby/characters/CH0165_home_1_data.tres,/home/augus/BA_Extracted_Full/Assets/_MX/SpineLobbies/CH0165_home
CH0165_home,2,CH0165_home,/home/augus/BA_MemorialLobby/characters/CH0165_home_2_data.tres,/home/augus/BA_Extracted_Full/Assets/_MX/SpineLobbies/CH0165_home
CH0165_home,3,CH0165_home,/home/augus/BA_MemorialLobby/characters/CH0165_home_3_data.tres,/home/augus/BA_Extracted_Full/Assets/_MX/SpineLobbies/CH0165_home
CH0166_home,0,CH0166_home,/home/augus/BA_MemorialLobby/characters/CH0166_home_data.tres,/home/augus/BA_Extracted_Full/Assets/_MX/SpineLobbies/CH0166_home
CH0166_home,1,CH0166_home,/home/augus/BA_MemorialLobby/characters/CH0166_home_1_data.tres,/home/augus/BA_Extracted_Full/Assets/_MX/SpineLobbies/CH0166_home
CH0166_home,2,CH0166_home,/home/augus/BA_MemorialLobby/characters/CH0166_home_2_data.tres,/home/augus/BA_Extracted_Full/Assets/_MX/SpineLobbies/CH0166_home
CH0166_home,3,CH0166_home,/home/augus/BA_MemorialLobby/characters/CH0166_home_3_data.tres,/home/augus/BA_Extracted_Full/Assets/_MX/SpineLobbies/CH0166_home
CH0167_home,0,CH0167_home,/home/augus/BA_MemorialLobby/characters/CH0167_home_data.tres,/home/augus/BA_Extracted_Full/Assets/_MX/SpineLobbies/CH0167_home
CH0167_home,1,CH0167_home,/home/augus/BA_MemorialLobby/characters/CH0167_home_1_data.tres,/home/augus/BA_Extracted_Full/Assets/_MX/SpineLobbies/CH0167_home
CH0167_home,2,CH0167_home,/home/augus/BA_MemorialLobby/characters/CH0167_home_2_data.tres,/home/augus/BA_Extracted_Full/Assets/_MX/SpineLobbies/CH0167_home
CH0167_home,3,CH0167_home,/home/augus/BA_MemorialLobby/characters/CH0167_home_3_data.tres,/home/augus/BA_Extracted_Full/Assets/_MX/SpineLobbies/CH0167_home
CH0169_home,0,CH0169_home,/home/augus/BA_MemorialLobby/characters/CH0169_home_data.tres,/home/augus/BA_Extracted_Full/Assets/_MX/SpineLobbies/CH0169_home
CH0169_home,1,CH0169_home,/home/augus/BA_MemorialLobby/characters/CH0169_home_1_data.tres,/home/augus/BA_Extracted_Full/Assets/_MX/SpineLobbies/CH0169_home
CH0169_home,2,CH0169_home,/home/augus/BA_MemorialLobby/characters/CH0169_home_2_data.tres,/home/augus/BA_Extracted_Full/Assets/_MX/SpineLobbies/CH0169_home
CH0169_home,3,CH0169_home,/home/augus/BA_MemorialLobby/characters/CH0169_home_3_data.tres,/home/augus/BA_Extracted_Full/Assets/_MX/SpineLobbies/CH0169_home
CH0170_home,0,CH0170_home,/home/augus/BA_MemorialLobby/characters/CH0170_home_data.tres,/home/augus/BA_Extracted_Full/Assets/_MX/SpineLobbies/CH0170_home
CH0170_home,1,CH0170_home,/home/augus/BA_MemorialLobby/characters/CH0170_home_1_data.tres,/home/augus/BA_Extracted_Full/Assets/_MX/SpineLobbies/CH0170_home
CH0170_home,2,CH0170_home,/home/augus/BA_MemorialLobby/characters/CH0170_home_2_data.tres,/home/augus/BA_Extracted_Full/Assets/_MX/SpineLobbies/CH0170_home
CH0170_home,3,CH0170_home,/home/augus/BA_MemorialLobby/characters/CH0170_home_3_data.tres,/home/augus/BA_Extracted_Full/Assets/_MX/SpineLobbies/CH0170_home
CH0175_home,0,CH0175_home,/home/augus/BA_MemorialLobby/characters/CH0175_home_data.tres,/home/augus/BA_Extracted_Full/Assets/_MX/SpineLobbies/CH0175_home
CH0175_home,1,CH0175_home,/home/augus/BA_MemorialLobby/characters/CH0175_home_1_data.tres,/home/augus/BA_Extracted_Full/Assets/_MX/SpineLobbies/CH0175_home
CH0175_home,2,CH0175_home,/home/augus/BA_MemorialLobby/characters/CH0175_home_2_data.tres,/home/augus/BA_Extracted_Full/Assets/_MX/SpineLobbies/CH0175_home
CH0175_home,3,CH0175_home,/home/augus/BA_MemorialLobby/characters/CH0175_home_3_data.tres,/home/augus/BA_Extracted_Full/Assets/_MX/SpineLobbies/CH0175_home
CH0176_home,0,CH0176_home,/home/augus/BA_MemorialLobby/characters/CH0176_home_data.tres,/home/augus/BA_Extracted_Full/Assets/_MX/SpineLobbies/CH0176_home
CH0176_home,1,CH0176_home,/home/augus/BA_MemorialLobby/characters/CH0176_home_1_data.tres,/home/augus/BA_Extracted_Full/Assets/_MX/SpineLobbies/CH0176_home
CH0176_home,2,CH0176_home,/home/augus/BA_MemorialLobby/characters/CH0176_home_2_data.tres,/home/augus/BA_Extracted_Full/Assets/_MX/SpineLobbies/CH0176_home
CH0176_home,3,CH0176_home,/home/augus/BA_MemorialLobby/characters/CH0176_home_3_data.tres,/home/augus/BA_Extracted_Full/Assets/_MX/SpineLobbies/CH0176_home
CH0177_home,0,CH0177_home,/home/augus/BA_MemorialLobby/characters/CH0177_home_data.tres,/home/augus/BA_Extracted_Full/Assets/_MX/SpineLobbies/CH0177_home
CH0177_home,1,CH0177_home,/home/augus/BA_MemorialLobby/characters/CH0177_home_1_data.tres,/home/augus/BA_Extracted_Full/Assets/_MX/SpineLobbies/CH0177_home
CH0177_home,2,CH0177_home,/home/augus/BA_MemorialLobby/characters/CH0177_home_2_data.tres,/home/augus/BA_Extracted_Full/Assets/_MX/SpineLobbies/CH0177_home
CH0177_home,3,CH0177_home,/home/augus/BA_MemorialLobby/characters/CH0177_home_3_data.tres,/home/augus/BA_Extracted_Full/Assets/_MX/SpineLobbies/CH0177_home
CH0178_home,0,CH0178_home,/home/augus/BA_MemorialLobby/characters/CH0178_home_data.tres,/home/augus/BA_Extracted_Full/Assets/_MX/SpineLobbies/CH0178_home
CH0178_home,1,CH0178_home,/home/augus/BA_MemorialLobby/characters/CH0178_home_1_data.tres,/home/augus/BA_Extracted_Full/Assets/_MX/SpineLobbies/CH0178_home
CH0178_home,2,CH0178_home,/home/augus/BA_MemorialLobby/characters/CH0178_home_2_data.tres,/home/augus/BA_Extracted_Full/Assets/_MX/SpineLobbies/CH0178_home
CH0178_home,3,CH0178_home,/home/augus/BA_MemorialLobby/characters/CH0178_home_3_data.tres,/home/augus/BA_Extracted_Full/Assets/_MX/SpineLobbies/CH0178_home
CH0179_home,0,CH0179_home,/home/augus/BA_MemorialLobby/characters/CH0179_home_data.tres,/home/augus/BA_Extracted_Full/Assets/_MX/SpineLobbies/CH0179_home
CH0179_home,1,CH0179_home,/home/augus/BA_MemorialLobby/characters/CH0179_home_1_data.tres,/home/augus/BA_Extracted_Full/Assets/_MX/SpineLobbies/CH0179_home
CH0179_home,2,CH0179_home,/home/augus/BA_MemorialLobby/characters/CH0179_home_2_data.tres,/home/augus/BA_Extracted_Full/Assets/_MX/SpineLobbies/CH0179_home
CH0179_home,3,CH0179_home,/home/augus/BA_MemorialLobby/characters/CH0179_home_3_data.tres,/home/augus/BA_Extracted_Full/Assets/_MX/SpineLobbies/CH0179_home
CH0180_home,0,CH0180_home,/home/augus/BA_MemorialLobby/characters/CH0180_home_data.tres,/home/augus/BA_Extracted_Full/Assets/_MX/SpineLobbies/CH0180_home
CH0180_home,1,CH0180_home,/home/augus/BA_MemorialLobby/characters/CH0180_home_1_data.tres,/home/augus/BA_Extracted_Full/Assets/_MX/SpineLobbies/CH0180_home
CH0180_home,2,CH0180_home,/home/augus/BA_MemorialLobby/characters/CH0180_home_2_data.tres,/home/augus/BA_Extracted_Full/Assets/_MX/SpineLobbies/CH0180_home
CH0180_home,3,CH0180_home,/home/augus/BA_MemorialLobby/characters/CH0180_home_3_data.tres,/home/augus/BA_Extracted_Full/Assets/_MX/SpineLobbies/CH0180_home
CH0181_home,0,CH0181_home,/home/augus/BA_MemorialLobby/characters/CH0181_home_data.tres,/home/augus/BA_Extracted_Full/Assets/_MX/SpineLobbies/CH0181_home
CH0181_home,1,CH0181_home,/home/augus/BA_MemorialLobby/characters/CH0181_home_1_data.tres,/home/augus/BA_Extracted_Full/Assets/_MX/SpineLobbies/CH0181_home
CH0181_home,2,CH0181_home,/home/augus/BA_MemorialLobby/characters/CH0181_home_2_data.tres,/home/augus/BA_Extracted_Full/Assets/_MX/SpineLobbies/CH0181_home
CH0181_home,3,CH0181_home,/home/augus/BA_MemorialLobby/characters/CH0181_home_3_data.tres,/home/augus/BA_Extracted_Full/Assets/_MX/SpineLobbies/CH0181_home
CH0182_home,0,CH0182_home,/home/augus/BA_MemorialLobby/characters/CH0182_home_data.tres,/home/augus/BA_Extracted_Full/Assets/_MX/SpineLobbies/CH0182_home
CH0182_home,1,CH0182_home,/home/augus/BA_MemorialLobby/characters/CH0182_home_1_data.tres,/home/augus/BA_Extracted_Full/Assets/_MX/SpineLobbies/CH0182_home
CH0182_home,2,CH0182_home,/home/augus/BA_MemorialLobby/characters/CH0182_home_2_data.tres,/home/augus/BA_Extracted_Full/Assets/_MX/SpineLobbies/CH0182_home
CH0182_home,3,CH0182_home,/home/augus/BA_MemorialLobby/characters/CH0182_home_3_data.tres,/home/augus/BA_Extracted_Full/Assets/_MX/SpineLobbies/CH0182_home
CH0183_home,0,CH0183_home,/home/augus/BA_MemorialLobby/characters/CH0183_home_data.tres,/home/augus/BA_Extracted_Full/Assets/_MX/SpineLobbies/CH0183_home
CH0183_home,1,CH0183_home,/home/augus/BA_MemorialLobby/characters/CH0183_home_1_data.tres,/home/augus/BA_Extracted_Full/Assets/_MX/SpineLobbies/CH0183_home
CH0183_home,2,CH0183_home,/home/augus/BA_MemorialLobby/characters/CH0183_home_2_data.tres,/home/augus/BA_Extracted_Full/Assets/_MX/SpineLobbies/CH0183_home
CH0183_home,3,CH0183_home,/home/augus/BA_MemorialLobby/characters/CH0183_home_3_data.tres,/home/augus/BA_Extracted_Full/Assets/_MX/SpineLobbies/CH0183_home
CH0184_home,0,CH0184_home,/home/augus/BA_MemorialLobby/characters/CH0184_home_data.tres,/home/augus/BA_Extracted_Full/Assets/_MX/SpineLobbies/CH0184_home
CH0184_home,1,CH0184_home,/home/augus/BA_MemorialLobby/characters/CH0184_home_1_data.tres,/home/augus/BA_Extracted_Full/Assets/_MX/SpineLobbies/CH0184_home
CH0184_home,2,CH0184_home,/home/augus/BA_MemorialLobby/characters/CH0184_home_2_data.tres,/home/augus/BA_Extracted_Full/Assets/_MX/SpineLobbies/CH0184_home
CH0184_home,3,CH0184_home,/home/augus/BA_MemorialLobby/characters/CH0184_home_3_data.tres,/home/augus/BA_Extracted_Full/Assets/_MX/SpineLobbies/CH0184_home
CH0185_home,0,CH0185_home,/home/augus/BA_MemorialLobby/characters/CH0185_home_data.tres,/home/augus/BA_Extracted_Full/Assets/_MX/SpineLobbies/CH0185_home
CH0185_home,1,CH0185_home,/home/augus/BA_MemorialLobby/characters/CH0185_home_1_data.tres,/home/augus/BA_Extracted_Full/Assets/_MX/SpineLobbies/CH0185_home
CH0185_home,2,CH0185_home,/home/augus/BA_MemorialLobby/characters/CH0185_home_2_data.tres,/home/augus/BA_Extracted_Full/Assets/_MX/SpineLobbies/CH0185_home
CH0185_home,3,CH0185_home,/home/augus/BA_MemorialLobby/characters/CH0185_home_3_data.tres,/home/augus/BA_Extracted_Full/Assets/_MX/SpineLobbies/CH0185_home
CH0186_home,0,CH0186_home,/home/augus/BA_MemorialLobby/characters/CH0186_home_data.tres,/home/augus/BA_Extracted_Full/Assets/_MX/SpineLobbies/CH0186_home
CH0186_home,1,CH0186_home,/home/augus/BA_MemorialLobby/characters/CH0186_home_1_data.tres,/home/augus/BA_Extracted_Full/Assets/_MX/SpineLobbies/CH0186_home
CH0186_home,2,CH0186_home,/home/augus/BA_MemorialLobby/characters/CH0186_home_2_data.tres,/home/augus/BA_Extracted_Full/Assets/_MX/SpineLobbies/CH0186_home
CH0186_home,3,CH0186_home,/home/augus/BA_MemorialLobby/characters/CH0186_home_3_data.tres,/home/augus/BA_Extracted_Full/Assets/_MX/SpineLobbies/CH0186_home
CH0187_home,0,CH0187_home,/home/augus/BA_MemorialLobby/characters/CH0187_home_data.tres,/home/augus/BA_Extracted_Full/Assets/_MX/SpineLobbies/CH0187_home
CH0187_home,1,CH0187_home,/home/augus/BA_MemorialLobby/characters/CH0187_home_1_data.tres,/home/augus/BA_Extracted_Full/Assets/_MX/SpineLobbies/CH0187_home
CH0187_home,2,CH0187_home,/home/augus/BA_MemorialLobby/characters/CH0187_home_2_data.tres,/home/augus/BA_Extracted_Full/Assets/_MX/SpineLobbies/CH0187_home
CH0187_home,3,CH0187_home,/home/augus/BA_MemorialLobby/characters/CH0187_home_3_data.tres,/home/augus/BA_Extracted_Full/Assets/_MX/SpineLobbies/CH0187_home
CH0188_home,0,CH0188_home,/home/augus/BA_MemorialLobby/characters/CH0188_home_data.tres,/home/augus/BA_Extracted_Full/Assets/_MX/SpineLobbies/CH0188_home
CH0188_home,1,CH0188_home,/home/augus/BA_MemorialLobby/characters/CH0188_home_1_data.tres,/home/augus/BA_Extracted_Full/Assets/_MX/SpineLobbies/CH0188_home
CH0188_home,2,CH0188_home,/home/augus/BA_MemorialLobby/characters/CH0188_home_2_data.tres,/home/augus/BA_Extracted_Full/Assets/_MX/SpineLobbies/CH0188_home
CH0188_home,3,CH0188_home,/home/augus/BA_MemorialLobby/characters/CH0188_home_3_data.tres,/home/augus/BA_Extracted_Full/Assets/_MX/SpineLobbies/CH0188_home
CH0189_home,0,CH0189_home,/home/augus/BA_MemorialLobby/characters/CH0189_home_data.tres,/home/augus/BA_Extracted_Full/Assets/_MX/SpineLobbies/CH0189_home
CH0189_home,1,CH0189_home,/home/augus/BA_MemorialLobby/characters/CH0189_home_1_data.tres,/home/augus/BA_Extracted_Full/Assets/_MX/SpineLobbies/CH0189_home
CH0189_home,2,CH0189_home,/home/augus/BA_MemorialLobby/characters/CH0189_home_2_data.tres,/home/augus/BA_Extracted_Full/Assets/_MX/SpineLobbies/CH0189_home
CH0189_home,3,CH0189_home,/home/augus/BA_MemorialLobby/characters/CH0189_home_3_data.tres,/home/augus/BA_Extracted_Full/Assets/_MX/SpineLobbies/CH0189_home
CH0190_home,0,CH0190_home,/home/augus/BA_MemorialLobby/characters/CH0190_home_data.tres,/home/augus/BA_Extracted_Full/Assets/_MX/SpineLobbies/CH0190_home
CH0190_home,1,CH0190_home,/home/augus/BA_MemorialLobby/characters/CH0190_home_1_data.tres,/home/augus/BA_Extracted_Full/Assets/_MX/SpineLobbies/CH0190_home
CH0190_home,2,CH0190_home,/home/augus/BA_MemorialLobby/characters/CH0190_home_2_data.tres,/home/augus/BA_Extracted_Full/Assets/_MX/SpineLobbies/CH0190_home
CH0190_home,3,CH0190_home,/home/augus/BA_MemorialLobby/characters/CH0190_home_3_data.tres,/home/augus/BA_Extracted_Full/Assets/_MX/SpineLobbies/CH0190_home
CH0191_home,0,CH0191_home,/home/augus/BA_MemorialLobby/characters/CH0191_home_data.tres,/home/augus/BA_Extracted_Full/Assets/_MX/SpineLobbies/CH0191_home
CH0191_home,1,CH0191_home,/home/augus/BA_MemorialLobby/characters/CH0191_home_1_data.tres,/home/augus/BA_Extracted_Full/Assets/_MX/SpineLobbies/CH0191_home
CH0191_home,2,CH0191_home,/home/augus/BA_MemorialLobby/characters/CH0191_home_2_data.tres,/home/augus/BA_Extracted_Full/Assets/_MX/SpineLobbies/CH0191_home
CH0191_home,3,CH0191_home,/home/augus/BA_MemorialLobby/characters/CH0191_home_3_data.tres,/home/augus/BA_Extracted_Full/Assets/_MX/SpineLobbies/CH0191_home
CH0192_home,0,CH0192_home,/home/augus/BA_MemorialLobby/characters/CH0192_home_data.tres,/home/augus/BA_Extracted_Full/Assets/_MX/SpineLobbies/CH0192_home
CH0192_home,1,CH0192_home,/home/augus/BA_MemorialLobby/characters/CH0192_home_1_data.tres,/home/augus/BA_Extracted_Full/Assets/_MX/SpineLobbies/CH0192_home
CH0192_home,2,CH0192_home,/home/augus/BA_MemorialLobby/characters/CH0192_home_2_data.tres,/home/augus/BA_Extracted_Full/Assets/_MX/SpineLobbies/CH0192_home
CH0192_home,3,CH0192_home,/home/augus/BA_MemorialLobby/characters/CH0192_home_3_data.tres,/home/augus/BA_Extracted_Full/Assets/_MX/SpineLobbies/CH0192_home
CH0193_home,0,CH0193_home,/home/augus/BA_MemorialLobby/characters/CH0193_home_data.tres,/home/augus/BA_Extracted_Full/Assets/_MX/SpineLobbies/CH0193_home
CH0193_home,1,CH0193_home,/home/augus/BA_MemorialLobby/characters/CH0193_home_1_data.tres,/home/augus/BA_Extracted_Full/Assets/_MX/SpineLobbies/CH0193_home
CH0193_home,2,CH0193_home,/home/augus/BA_MemorialLobby/characters/CH0193_home_2_data.tres,/home/augus/BA_Extracted_Full/Assets/_MX/SpineLobbies/CH0193_home
CH0193_home,3,CH0193_home,/home/augus/BA_MemorialLobby/characters/CH0193_home_3_data.tres,/home/augus/BA_Extracted_Full/Assets/_MX/SpineLobbies/CH0193_home
CH0194_home,0,CH0194_home,/home/augus/BA_MemorialLobby/characters/CH0194_home_data.tres,/home/augus/BA_Extracted_Full/Assets/_MX/SpineLobbies/CH0194_home
CH0194_home,1,CH0194_home,/home/augus/BA_MemorialLobby/characters/CH0194_home_1_data.tres,/home/augus/BA_Extracted_Full/Assets/_MX/SpineLobbies/CH0194_home
CH0194_home,2,CH0194_home,/home/augus/BA_MemorialLobby/characters/CH0194_home_2_data.tres,/home/augus/BA_Extracted_Full/Assets/_MX/SpineLobbies/CH0194_home
CH0194_home,3,CH0194_home,/home/augus/BA_MemorialLobby/characters/CH0194_home_3_data.tres,/home/augus/BA_Extracted_Full/Assets/_MX/SpineLobbies/CH0194_home
CH0195_home,0,CH0195_home,/home/augus/BA_MemorialLobby/characters/CH0195_home_data.tres,/home/augus/BA_Extracted_Full/Assets/_MX/SpineLobbies/CH0195_home
CH0195_home,1,CH0195_home,/home/augus/BA_MemorialLobby/characters/CH0195_home_1_data.tres,/home/augus/BA_Extracted_Full/Assets/_MX/SpineLobbies/CH0195_home
CH0195_home,2,CH0195_home,/home/augus/BA_MemorialLobby/characters/CH0195_home_2_data.tres,/home/augus/BA_Extracted_Full/Assets/_MX/SpineLobbies/CH0195_home
CH0195_home,3,CH0195_home,/home/augus/BA_MemorialLobby/characters/CH0195_home_3_data.tres,/home/augus/BA_Extracted_Full/Assets/_MX/SpineLobbies/CH0195_home
CH0196_home,0,CH0196_home,/home/augus/BA_MemorialLobby/characters/CH0196_home_data.tres,/home/augus/BA_Extracted_Full/Assets/_MX/SpineLobbies/CH0196_home
CH0196_home,1,CH0196_home,/home/augus/BA_MemorialLobby/characters/CH0196_home_1_data.tres,/home/augus/BA_Extracted_Full/Assets/_MX/SpineLobbies/CH0196_home
CH0196_home,2,CH0196_home,/home/augus/BA_MemorialLobby/characters/CH0196_home_2_data.tres,/home/augus/BA_Extracted_Full/Assets/_MX/SpineLobbies/CH0196_home
CH0196_home,3,CH0196_home,/home/augus/BA_MemorialLobby/characters/CH0196_home_3_data.tres,/home/augus/BA_Extracted_Full/Assets/_MX/SpineLobbies/CH0196_home
CH0197_home,0,CH0197_home,/home/augus/BA_MemorialLobby/characters/CH0197_home_data.tres,/home/augus/BA_Extracted_Full/Assets/_MX/SpineLobbies/CH0197_home
CH0197_home,1,CH0197_home,/home/augus/BA_MemorialLobby/characters/CH0197_home_1_data.tres,/home/augus/BA_Extracted_Full/Assets/_MX/SpineLobbies/CH0197_home
CH0197_home,2,CH0197_home,/home/augus/BA_MemorialLobby/characters/CH0197_home_2_data.tres,/home/augus/BA_Extracted_Full/Assets/_MX/SpineLobbies/CH0197_home
CH0197_home,3,CH0197_home,/home/augus/BA_MemorialLobby/characters/CH0197_home_3_data.tres,/home/augus/BA_Extracted_Full/Assets/_MX/SpineLobbies/CH0197_home
CH0198_home,0,CH0198_home,/home/augus/BA_MemorialLobby/characters/CH0198_home_data.tres,/home/augus/BA_Extracted_Full/Assets/_MX/SpineLobbies/CH0198_home
CH0198_home,1,CH0198_home,/home/augus/BA_MemorialLobby/characters/CH0198_home_1_data.tres,/home/augus/BA_Extracted_Full/Assets/_MX/SpineLobbies/CH0198_home
CH0198_home,2,CH0198_home,/home/augus/BA_MemorialLobby/characters/CH0198_home_2_data.tres,/home/augus/BA_Extracted_Full/Assets/_MX/SpineLobbies/CH0198_home
CH0198_home,3,CH0198_home,/home/augus/BA_MemorialLobby/characters/CH0198_home_3_data.tres,/home/augus/BA_Extracted_Full/Assets/_MX/SpineLobbies/CH0198_home
CH0200_home,0,CH0200_home,/home/augus/BA_MemorialLobby/characters/CH0200_home_data.tres,/home/augus/BA_Extracted_Full/Assets/_MX/SpineLobbies/CH0200_home
CH0200_home,1,CH0200_home,/home/augus/BA_MemorialLobby/characters/CH0200_home_1_data.tres,/home/augus/BA_Extracted_Full/Assets/_MX/SpineLobbies/CH0200_home
CH0200_home,2,CH0200_home,/home/augus/BA_MemorialLobby/characters/CH0200_home_2_data.tres,/home/augus/BA_Extracted_Full/Assets/_MX/SpineLobbies/CH0200_home
CH0200_home,3,CH0200_home,/home/augus/BA_MemorialLobby/characters/CH0200_home_3_data.tres,/home/augus/BA_Extracted_Full/Assets/_MX/SpineLobbies/CH0200_home
CH0201_home,0,CH0201_home,/home/augus/BA_MemorialLobby/characters/CH0201_home_data.tres,/home/augus/BA_Extracted_Full/Assets/_MX/SpineLobbies/CH0201_home
CH0201_home,1,CH0201_home,/home/augus/BA_MemorialLobby/characters/CH0201_home_1_data.tres,/home/augus/BA_Extracted_Full/Assets/_MX/SpineLobbies/CH0201_home
CH0201_home,2,CH0201_home,/home/augus/BA_MemorialLobby/characters/CH0201_home_2_data.tres,/home/augus/BA_Extracted_Full/Assets/_MX/SpineLobbies/CH0201_home
CH0201_home,3,CH0201_home,/home/augus/BA_MemorialLobby/characters/CH0201_home_3_data.tres,/home/augus/BA_Extracted_Full/Assets/_MX/SpineLobbies/CH0201_home
CH0202_home,0,CH0202_home,/home/augus/BA_MemorialLobby/characters/CH0202_home_data.tres,/home/augus/BA_Extracted_Full/Assets/_MX/SpineLobbies/CH0202_home
CH0202_home,1,CH0202_home,/home/augus/BA_MemorialLobby/characters/CH0202_home_1_data.tres,/home/augus/BA_Extracted_Full/Assets/_MX/SpineLobbies/CH0202_home
CH0202_home,2,CH0202_home,/home/augus/BA_MemorialLobby/characters/CH0202_home_2_data.tres,/home/augus/BA_Extracted_Full/Assets/_MX/SpineLobbies/CH0202_home
CH0202_home,3,CH0202_home,/home/augus/BA_MemorialLobby/characters/CH0202_home_3_data.tres,/home/augus/BA_Extracted_Full/Assets/_MX/SpineLobbies/CH0202_home
CH0203_home,0,CH0203_home,/home/augus/BA_MemorialLobby/characters/CH0203_home_data.tres,/home/augus/BA_Extracted_Full/Assets/_MX/SpineLobbies/CH0203_home
CH0203_home,1,CH0203_home,/home/augus/BA_MemorialLobby/characters/CH0203_home_1_data.tres,/home/augus/BA_Extracted_Full/Assets/_MX/SpineLobbies/CH0203_home
CH0203_home,2,CH0203_home,/home/augus/BA_MemorialLobby/characters/CH0203_home_2_data.tres,/home/augus/BA_Extracted_Full/Assets/_MX/SpineLobbies/CH0203_home
CH0203_home,3,CH0203_home,/home/augus/BA_MemorialLobby/characters/CH0203_home_3_data.tres,/home/augus/BA_Extracted_Full/Assets/_MX/SpineLobbies/CH0203_home
CH0204_home,0,CH0204_home,/home/augus/BA_MemorialLobby/characters/CH0204_home_data.tres,/home/augus/BA_Extracted_Full/Assets/_MX/SpineLobbies/CH0204_home
CH0204_home,1,CH0204_home,/home/augus/BA_MemorialLobby/characters/CH0204_home_1_data.tres,/home/augus/BA_Extracted_Full/Assets/_MX/SpineLobbies/CH0204_home
CH0204_home,2,CH0204_home,/home/augus/BA_MemorialLobby/characters/CH0204_home_2_data.tres,/home/augus/BA_Extracted_Full/Assets/_MX/SpineLobbies/CH0204_home
CH0204_home,3,CH0204_home,/home/augus/BA_MemorialLobby/characters/CH0204_home_3_data.tres,/home/augus/BA_Extracted_Full/Assets/_MX/SpineLobbies/CH0204_home
CH0205_home,0,CH0205_home,/home/augus/BA_MemorialLobby/characters/CH0205_home_data.tres,/home/augus/BA_Extracted_Full/Assets/_MX/SpineLobbies/CH0205_home
CH0205_home,1,CH0205_home,/home/augus/BA_MemorialLobby/characters/CH0205_home_1_data.tres,/home/augus/BA_Extracted_Full/Assets/_MX/SpineLobbies/CH0205_home
CH0205_home,2,CH0205_home,/home/augus/BA_MemorialLobby/characters/CH0205_home_2_data.tres,/home/augus/BA_Extracted_Full/Assets/_MX/SpineLobbies/CH0205_home
CH0205_home,3,CH0205_home,/home/augus/BA_MemorialLobby/characters/CH0205_home_3_data.tres,/home/augus/BA_Extracted_Full/Assets/_MX/SpineLobbies/CH0205_home
CH0209_home,0,CH0209_home,/home/augus/BA_MemorialLobby/characters/CH0209_home_data.tres,/home/augus/BA_Extracted_Full/Assets/_MX/SpineLobbies/CH0209_home
CH0209_home,1,CH0209_home,/home/augus/BA_MemorialLobby/characters/CH0209_home_1_data.tres,/home/augus/BA_Extracted_Full/Assets/_MX/SpineLobbies/CH0209_home
CH0209_home,2,CH0209_home,/home/augus/BA_MemorialLobby/characters/CH0209_home_2_data.tres,/home/augus/BA_Extracted_Full/Assets/_MX/SpineLobbies/CH0209_home
CH0209_home,3,CH0209_home,/home/augus/BA_MemorialLobby/characters/CH0209_home_3_data.tres,/home/augus/BA_Extracted_Full/Assets/_MX/SpineLobbies/CH0209_home
CH0210_home,0,CH0210_home,/home/augus/BA_MemorialLobby/characters/CH0210_home_data.tres,/home/augus/BA_Extracted_Full/Assets/_MX/SpineLobbies/CH0210_home
CH0210_home,1,CH0210_home,/home/augus/BA_MemorialLobby/characters/CH0210_home_1_data.tres,/home/augus/BA_Extracted_Full/Assets/_MX/SpineLobbies/CH0210_home
CH0210_home,2,CH0210_home,/home/augus/BA_MemorialLobby/characters/CH0210_home_2_data.tres,/home/augus/BA_Extracted_Full/Assets/_MX/SpineLobbies/CH0210_home
CH0210_home,3,CH0210_home,/home/augus/BA_MemorialLobby/characters/CH0210_home_3_data.tres,/home/augus/BA_Extracted_Full/Assets/_MX/SpineLobbies/CH0210_home
CH0211_home,0,CH0211_home,/home/augus/BA_MemorialLobby/characters/CH0211_home_data.tres,/home/augus/BA_Extracted_Full/Assets/_MX/SpineLobbies/CH0211_home
CH0211_home,1,CH0211_home,/home/augus/BA_MemorialLobby/characters/CH0211_home_1_data.tres,/home/augus/BA_Extracted_Full/Assets/_MX/SpineLobbies/CH0211_home
CH0211_home,2,CH0211_home,/home/augus/BA_MemorialLobby/characters/CH0211_home_2_data.tres,/home/augus/BA_Extracted_Full/Assets/_MX/SpineLobbies/CH0211_home
CH0211_home,3,CH0211_home,/home/augus/BA_MemorialLobby/characters/CH0211_home_3_data.tres,/home/augus/BA_Extracted_Full/Assets/_MX/SpineLobbies/CH0211_home
CH0214_home,0,CH0214_home,/home/augus/BA_MemorialLobby/characters/CH0214_home_data.tres,/home/augus/BA_Extracted_Full/Assets/_MX/SpineLobbies/CH0214_home
CH0214_home,1,CH0214_home,/home/augus/BA_MemorialLobby/characters/CH0214_home_1_data.tres,/home/augus/BA_Extracted_Full/Assets/_MX/SpineLobbies/CH0214_home
CH0214_home,2,CH0214_home,/home/augus/BA_MemorialLobby/characters/CH0214_home_2_data.tres,/home/augus/BA_Extracted_Full/Assets/_MX/SpineLobbies/CH0214_home
CH0214_home,3,CH0214_home,/home/augus/BA_MemorialLobby/characters/CH0214_home_3_data.tres,/home/augus/BA_Extracted_Full/Assets/_MX/SpineLobbies/CH0214_home
CH0215_home,0,CH0215_home,/home/augus/BA_MemorialLobby/characters/CH0215_home_data.tres,/home/augus/BA_Extracted_Full/Assets/_MX/SpineLobbies/CH0215_home
CH0215_home,1,CH0215_home,/home/augus/BA_MemorialLobby/characters/CH0215_home_1_data.tres,/home/augus/BA_Extracted_Full/Assets/_MX/SpineLobbies/CH0215_home
CH0215_home,2,CH0215_home,/home/augus/BA_MemorialLobby/characters/CH0215_home_2_data.tres,/home/augus/BA_Extracted_Full/Assets/_MX/SpineLobbies/CH0215_home
CH0215_home,3,CH0215_home,/home/augus/BA_MemorialLobby/characters/CH0215_home_3_data.tres,/home/augus/BA_Extracted_Full/Assets/_MX/SpineLobbies/CH0215_home
CH0216_home,0,CH0216_home,/home/augus/BA_MemorialLobby/characters/CH0216_home_data.tres,/home/augus/BA_Extracted_Full/Assets/_MX/SpineLobbies/CH0216_home
CH0216_home,1,CH0216_home,/home/augus/BA_MemorialLobby/characters/CH0216_home_1_data.tres,/home/augus/BA_Extracted_Full/Assets/_MX/SpineLobbies/CH0216_home
CH0216_home,2,CH0216_home,/home/augus/BA_MemorialLobby/characters/CH0216_home_2_data.tres,/home/augus/BA_Extracted_Full/Assets/_MX/SpineLobbies/CH0216_home
CH0216_home,3,CH0216_home,/home/augus/BA_MemorialLobby/characters/CH0216_home_3_data.tres,/home/augus/BA_Extracted_Full/Assets/_MX/SpineLobbies/CH0216_home
CH0217_home,0,CH0217_home,/home/augus/BA_MemorialLobby/characters/CH0217_home_data.tres,/home/augus/BA_Extracted_Full/Assets/_MX/SpineLobbies/CH0217_home
CH0217_home,1,CH0217_home,/home/augus/BA_MemorialLobby/characters/CH0217_home_1_data.tres,/home/augus/BA_Extracted_Full/Assets/_MX/SpineLobbies/CH0217_home
CH0217_home,2,CH0217_home,/home/augus/BA_MemorialLobby/characters/CH0217_home_2_data.tres,/home/augus/BA_Extracted_Full/Assets/_MX/SpineLobbies/CH0217_home
CH0217_home,3,CH0217_home,/home/augus/BA_MemorialLobby/characters/CH0217_home_3_data.tres,/home/augus/BA_Extracted_Full/Assets/_MX/SpineLobbies/CH0217_home
CH0218_home,0,CH0218_home,/home/augus/BA_MemorialLobby/characters/CH0218_home_data.tres,/home/augus/BA_Extracted_Full/Assets/_MX/SpineLobbies/CH0218_home
CH0218_home,1,CH0218_home,/home/augus/BA_MemorialLobby/characters/CH0218_home_1_data.tres,/home/augus/BA_Extracted_Full/Assets/_MX/SpineLobbies/CH0218_home
CH0218_home,2,CH0218_home,/home/augus/BA_MemorialLobby/characters/CH0218_home_2_data.tres,/home/augus/BA_Extracted_Full/Assets/_MX/SpineLobbies/CH0218_home
CH0218_home,3,CH0218_home,/home/augus/BA_MemorialLobby/characters/CH0218_home_3_data.tres,/home/augus/BA_Extracted_Full/Assets/_MX/SpineLobbies/CH0218_home
CH0219_home,0,CH0219_home,/home/augus/BA_MemorialLobby/characters/CH0219_home_data.tres,/home/augus/BA_Extracted_Full/Assets/_MX/SpineLobbies/CH0219_home
CH0219_home,1,CH0219_home,/home/augus/BA_MemorialLobby/characters/CH0219_home_1_data.tres,/home/augus/BA_Extracted_Full/Assets/_MX/SpineLobbies/CH0219_home
CH0219_home,2,CH0219_home,/home/augus/BA_MemorialLobby/characters/CH0219_home_2_data.tres,/home/augus/BA_Extracted_Full/Assets/_MX/SpineLobbies/CH0219_home
CH0219_home,3,CH0219_home,/home/augus/BA_MemorialLobby/characters/CH0219_home_3_data.tres,/home/augus/BA_Extracted_Full/Assets/_MX/SpineLobbies/CH0219_home
CH0220_home,0,CH0220_home,/home/augus/BA_MemorialLobby/characters/CH0220_home_data.tres,/home/augus/BA_Extracted_Full/Assets/_MX/SpineLobbies/CH0220_home
CH0220_home,1,CH0220_home,/home/augus/BA_MemorialLobby/characters/CH0220_home_1_data.tres,/home/augus/BA_Extracted_Full/Assets/_MX/SpineLobbies/CH0220_home
CH0220_home,2,CH0220_home,/home/augus/BA_MemorialLobby/characters/CH0220_home_2_data.tres,/home/augus/BA_Extracted_Full/Assets/_MX/SpineLobbies/CH0220_home
CH0220_home,3,CH0220_home,/home/augus/BA_MemorialLobby/characters/CH0220_home_3_data.tres,/home/augus/BA_Extracted_Full/Assets/_MX/SpineLobbies/CH0220_home
CH0221_home,0,CH0221_home,/home/augus/BA_MemorialLobby/characters/CH0221_home_data.tres,/home/augus/BA_Extracted_Full/Assets/_MX/SpineLobbies/CH0221_home
CH0221_home,1,CH0221_home,/home/augus/BA_MemorialLobby/characters/CH0221_home_1_data.tres,/home/augus/BA_Extracted_Full/Assets/_MX/SpineLobbies/CH0221_home
CH0221_home,2,CH0221_home,/home/augus/BA_MemorialLobby/characters/CH0221_home_2_data.tres,/home/augus/BA_Extracted_Full/Assets/_MX/SpineLobbies/CH0221_home
CH0221_home,3,CH0221_home,/home/augus/BA_MemorialLobby/characters/CH0221_home_3_data.tres,/home/augus/BA_Extracted_Full/Assets/_MX/SpineLobbies/CH0221_home
CH0222_home,0,CH0222_home,/home/augus/BA_MemorialLobby/characters/CH0222_home_data.tres,/home/augus/BA_Extracted_Full/Assets/_MX/SpineLobbies/CH0222_home
CH0222_home,1,CH0222_home,/home/augus/BA_MemorialLobby/characters/CH0222_home_1_data.tres,/home/augus/BA_Extracted_Full/Assets/_MX/SpineLobbies/CH0222_home
CH0222_home,2,CH0222_home,/home/augus/BA_MemorialLobby/characters/CH0222_home_2_data.tres,/home/augus/BA_Extracted_Full/Assets/_MX/SpineLobbies/CH0222_home
CH0222_home,3,CH0222_home,/home/augus/BA_MemorialLobby/characters/CH0222_home_3_data.tres,/home/augus/BA_Extracted_Full/Assets/_MX/SpineLobbies/CH0222_home
CH0224_home,0,CH0224_home,/home/augus/BA_MemorialLobby/characters/CH0224_home_data.tres,/home/augus/BA_Extracted_Full/Assets/_MX/SpineLobbies/CH0224_home
CH0224_home,1,CH0224_home,/home/augus/BA_MemorialLobby/characters/CH0224_home_1_data.tres,/home/augus/BA_Extracted_Full/Assets/_MX/SpineLobbies/CH0224_home
CH0224_home,2,CH0224_home,/home/augus/BA_MemorialLobby/characters/CH0224_home_2_data.tres,/home/augus/BA_Extracted_Full/Assets/_MX/SpineLobbies/CH0224_home
CH0224_home,3,CH0224_home,/home/augus/BA_MemorialLobby/characters/CH0224_home_3_data.tres,/home/augus/BA_Extracted_Full/Assets/_MX/SpineLobbies/CH0224_home
CH0225_home,0,CH0225_home,/home/augus/BA_MemorialLobby/characters/CH0225_home_data.tres,/home/augus/BA_Extracted_Full/Assets/_MX/SpineLobbies/CH0225_home
CH0225_home,1,CH0225_home,/home/augus/BA_MemorialLobby/characters/CH0225_home_1_data.tres,/home/augus/BA_Extracted_Full/Assets/_MX/SpineLobbies/CH0225_home
CH0225_home,2,CH0225_home,/home/augus/BA_MemorialLobby/characters/CH0225_home_2_data.tres,/home/augus/BA_Extracted_Full/Assets/_MX/SpineLobbies/CH0225_home
CH0225_home,3,CH0225_home,/home/augus/BA_MemorialLobby/characters/CH0225_home_3_data.tres,/home/augus/BA_Extracted_Full/Assets/_MX/SpineLobbies/CH0225_home
CH0228_home,0,CH0228_home,/home/augus/BA_MemorialLobby/characters/CH0228_home_data.tres,/home/augus/BA_Extracted_Full/Assets/_MX/SpineLobbies/CH0228_home
CH0228_home,1,CH0228_home,/home/augus/BA_MemorialLobby/characters/CH0228_home_1_data.tres,/home/augus/BA_Extracted_Full/Assets/_MX/SpineLobbies/CH0228_home
CH0228_home,2,CH0228_home,/home/augus/BA_MemorialLobby/characters/CH0228_home_2_data.tres,/home/augus/BA_Extracted_Full/Assets/_MX/SpineLobbies/CH0228_home
CH0228_home,3,CH0228_home,/home/augus/BA_MemorialLobby/characters/CH0228_home_3_data.tres,/home/augus/BA_Extracted_Full/Assets/_MX/SpineLobbies/CH0228_home
CH0229_home,0,CH0229_home,/home/augus/BA_MemorialLobby/characters/CH0229_home_data.tres,/home/augus/BA_Extracted_Full/Assets/_MX/SpineLobbies/CH0229_home
CH0229_home,1,CH0229_home,/home/augus/BA_MemorialLobby/characters/CH0229_home_1_data.tres,/home/augus/BA_Extracted_Full/Assets/_MX/SpineLobbies/CH0229_home
CH0229_home,2,CH0229_home,/home/augus/BA_MemorialLobby/characters/CH0229_home_2_data.tres,/home/augus/BA_Extracted_Full/Assets/_MX/SpineLobbies/CH0229_home
CH0229_home,3,CH0229_home,/home/augus/BA_MemorialLobby/characters/CH0229_home_3_data.tres,/home/augus/BA_Extracted_Full/Assets/_MX/SpineLobbies/CH0229_home
CH0230_home,0,CH0230_home,/home/augus/BA_MemorialLobby/characters/CH0230_home_data.tres,/home/augus/BA_Extracted_Full/Assets/_MX/SpineLobbies/CH0230_home
CH0230_home,1,CH0230_home,/home/augus/BA_MemorialLobby/characters/CH0230_home_1_data.tres,/home/augus/BA_Extracted_Full/Assets/_MX/SpineLobbies/CH0230_home
CH0230_home,2,CH0230_home,/home/augus/BA_MemorialLobby/characters/CH0230_home_2_data.tres,/home/augus/BA_Extracted_Full/Assets/_MX/SpineLobbies/CH0230_home
CH0230_home,3,CH0230_home,/home/augus/BA_MemorialLobby/characters/CH0230_home_3_data.tres,/home/augus/BA_Extracted_Full/Assets/_MX/SpineLobbies/CH0230_home
CH0231_home,0,CH0231_home,/home/augus/BA_MemorialLobby/characters/CH0231_home_data.tres,/home/augus/BA_Extracted_Full/Assets/_MX/SpineLobbies/CH0231_home
CH0231_home,1,CH0231_home,/home/augus/BA_MemorialLobby/characters/CH0231_home_1_data.tres,/home/augus/BA_Extracted_Full/Assets/_MX/SpineLobbies/CH0231_home
CH0231_home,2,CH0231_home,/home/augus/BA_MemorialLobby/characters/CH0231_home_2_data.tres,/home/augus/BA_Extracted_Full/Assets/_MX/SpineLobbies/CH0231_home
CH0231_home,3,CH0231_home,/home/augus/BA_MemorialLobby/characters/CH0231_home_3_data.tres,/home/augus/BA_Extracted_Full/Assets/_MX/SpineLobbies/CH0231_home
CH0232_home,0,CH0232_home,/home/augus/BA_MemorialLobby/characters/CH0232_home_data.tres,/home/augus/BA_Extracted_Full/Assets/_MX/SpineLobbies/CH0232_home
CH0232_home,1,CH0232_home,/home/augus/BA_MemorialLobby/characters/CH0232_home_1_data.tres,/home/augus/BA_Extracted_Full/Assets/_MX/SpineLobbies/CH0232_home
CH0232_home,2,CH0232_home,/home/augus/BA_MemorialLobby/characters/CH0232_home_2_data.tres,/home/augus/BA_Extracted_Full/Assets/_MX/SpineLobbies/CH0232_home
CH0232_home,3,CH0232_home,/home/augus/BA_MemorialLobby/characters/CH0232_home_3_data.tres,/home/augus/BA_Extracted_Full/Assets/_MX/SpineLobbies/CH0232_home
CH0233_home,0,CH0233_home,/home/augus/BA_MemorialLobby/characters/CH0233_home_data.tres,/home/augus/BA_Extracted_Full/Assets/_MX/SpineLobbies/CH0233_home
CH0233_home,1,CH0233_home,/home/augus/BA_MemorialLobby/characters/CH0233_home_1_data.tres,/home/augus/BA_Extracted_Full/Assets/_MX/SpineLobbies/CH0233_home
CH0233_home,2,CH0233_home,/home/augus/BA_MemorialLobby/characters/CH0233_home_2_data.tres,/home/augus/BA_Extracted_Full/Assets/_MX/SpineLobbies/CH0233_home
CH0233_home,3,CH0233_home,/home/augus/BA_MemorialLobby/characters/CH0233_home_3_data.tres,/home/augus/BA_Extracted_Full/Assets/_MX/SpineLobbies/CH0233_home
CH0235_home,0,CH0235_home,/home/augus/BA_MemorialLobby/characters/CH0235_home_data.tres,/home/augus/BA_Extracted_Full/Assets/_MX/SpineLobbies/CH0235_home
CH0235_home,1,CH0235_home,/home/augus/BA_MemorialLobby/characters/CH0235_home_1_data.tres,/home/augus/BA_Extracted_Full/Assets/_MX/SpineLobbies/CH0235_home
CH0235_home,2,CH0235_home,/home/augus/BA_MemorialLobby/characters/CH0235_home_2_data.tres,/home/augus/BA_Extracted_Full/Assets/_MX/SpineLobbies/CH0235_home
CH0235_home,3,CH0235_home,/home/augus/BA_MemorialLobby/characters/CH0235_home_3_data.tres,/home/augus/BA_Extracted_Full/Assets/_MX/SpineLobbies/CH0235_home
CH0238_home,0,CH0238_home,/home/augus/BA_MemorialLobby/characters/CH0238_home_data.tres,/home/augus/BA_Extracted_Full/Assets/_MX/SpineLobbies/CH0238_home
CH0238_home,1,CH0238_home,/home/augus/BA_MemorialLobby/characters/CH0238_home_1_data.tres,/home/augus/BA_Extracted_Full/Assets/_MX/SpineLobbies/CH0238_home
CH0238_home,2,CH0238_home,/home/augus/BA_MemorialLobby/characters/CH0238_home_2_data.tres,/home/augus/BA_Extracted_Full/Assets/_MX/SpineLobbies/CH0238_home
CH0238_home,3,CH0238_home,/home/augus/BA_MemorialLobby/characters/CH0238_home_3_data.tres,/home/augus/BA_Extracted_Full/Assets/_MX/SpineLobbies/CH0238_home
CH0239_home,0,CH0239_home,/home/augus/BA_MemorialLobby/characters/CH0239_home_data.tres,/home/augus/BA_Extracted_Full/Assets/_MX/SpineLobbies/CH0239_home
CH0239_home,1,CH0239_home,/home/augus/BA_MemorialLobby/characters/CH0239_home_1_data.tres,/home/augus/BA_Extracted_Full/Assets/_MX/SpineLobbies/CH0239_home
CH0239_home,2,CH0239_home,/home/augus/BA_MemorialLobby/characters/CH0239_home_2_data.tres,/home/augus/BA_Extracted_Full/Assets/_MX/SpineLobbies/CH0239_home
CH0239_home,3,CH0239_home,/home/augus/BA_MemorialLobby/characters/CH0239_home_3_data.tres,/home/augus/BA_Extracted_Full/Assets/_MX/SpineLobbies/CH0239_home
CH0240_home,0,CH0240_home,/home/augus/BA_MemorialLobby/characters/CH0240_home_data.tres,/home/augus/BA_Extracted_Full/Assets/_MX/SpineLobbies/CH0240_home
CH0240_home,1,CH0240_home,/home/augus/BA_MemorialLobby/characters/CH0240_home_1_data.tres,/home/augus/BA_Extracted_Full/Assets/_MX/SpineLobbies/CH0240_home
CH0240_home,2,CH0240_home,/home/augus/BA_MemorialLobby/characters/CH0240_home_2_data.tres,/home/augus/BA_Extracted_Full/Assets/_MX/SpineLobbies/CH0240_home
CH0240_home,3,CH0240_home,/home/augus/BA_MemorialLobby/characters/CH0240_home_3_data.tres,/home/augus/BA_Extracted_Full/Assets/_MX/SpineLobbies/CH0240_home
CH0242_home,0,CH0242_home,/home/augus/BA_MemorialLobby/characters/CH0242_home_data.tres,/home/augus/BA_Extracted_Full/Assets/_MX/SpineLobbies/CH0242_home
CH0242_home,1,CH0242_home,/home/augus/BA_MemorialLobby/characters/CH0242_home_1_data.tres,/home/augus/BA_Extracted_Full/Assets/_MX/SpineLobbies/CH0242_home
CH0242_home,2,CH0242_home,/home/augus/BA_MemorialLobby/characters/CH0242_home_2_data.tres,/home/augus/BA_Extracted_Full/Assets/_MX/SpineLobbies/CH0242_home
CH0242_home,3,CH0242_home,/home/augus/BA_MemorialLobby/characters/CH0242_home_3_data.tres,/home/augus/BA_Extracted_Full/Assets/_MX/SpineLobbies/CH0242_home
CH0243_home,0,CH0243_home,/home/augus/BA_MemorialLobby/characters/CH0243_home_data.tres,/home/augus/BA_Extracted_Full/Assets/_MX/SpineLobbies/CH0243_home
CH0243_home,1,CH0243_home,/home/augus/BA_MemorialLobby/characters/CH0243_home_1_data.tres,/home/augus/BA_Extracted_Full/Assets/_MX/SpineLobbies/CH0243_home
CH0243_home,2,CH0243_home,/home/augus/BA_MemorialLobby/characters/CH0243_home_2_data.tres,/home/augus/BA_Extracted_Full/Assets/_MX/SpineLobbies/CH0243_home
CH0243_home,3,CH0243_home,/home/augus/BA_MemorialLobby/characters/CH0243_home_3_data.tres,/home/augus/BA_Extracted_Full/Assets/_MX/SpineLobbies/CH0243_home
CH0245_home,0,CH0245_home,/home/augus/BA_MemorialLobby/characters/CH0245_home_data.tres,/home/augus/BA_Extracted_Full/Assets/_MX/SpineLobbies/CH0245_home
CH0245_home,1,CH0245_home,/home/augus/BA_MemorialLobby/characters/CH0245_home_1_data.tres,/home/augus/BA_Extracted_Full/Assets/_MX/SpineLobbies/CH0245_home
CH0245_home,2,CH0245_home,/home/augus/BA_MemorialLobby/characters/CH0245_home_2_data.tres,/home/augus/BA_Extracted_Full/Assets/_MX/SpineLobbies/CH0245_home
CH0245_home,3,CH0245_home,/home/augus/BA_MemorialLobby/characters/CH0245_home_3_data.tres,/home/augus/BA_Extracted_Full/Assets/_MX/SpineLobbies/CH0245_home
CH0250_home,0,CH0250_home,/home/augus/BA_MemorialLobby/characters/CH0250_home_data.tres,/home/augus/BA_Extracted_Full/Assets/_MX/SpineLobbies/CH0250_home
CH0250_home,1,CH0250_home,/home/augus/BA_MemorialLobby/characters/CH0250_home_1_data.tres,/home/augus/BA_Extracted_Full/Assets/_MX/SpineLobbies/CH0250_home
CH0250_home,2,CH0250_home,/home/augus/BA_MemorialLobby/characters/CH0250_home_2_data.tres,/home/augus/BA_Extracted_Full/Assets/_MX/SpineLobbies/CH0250_home
CH0250_home,3,CH0250_home,/home/augus/BA_MemorialLobby/characters/CH0250_home_3_data.tres,/home/augus/BA_Extracted_Full/Assets/_MX/SpineLobbies/CH0250_home
CH0251_home,0,CH0251_home,/home/augus/BA_MemorialLobby/characters/CH0251_home_data.tres,/home/augus/BA_Extracted_Full/Assets/_MX/SpineLobbies/CH0251_home
CH0251_home,1,CH0251_home,/home/augus/BA_MemorialLobby/characters/CH0251_home_1_data.tres,/home/augus/BA_Extracted_Full/Assets/_MX/SpineLobbies/CH0251_home
CH0251_home,2,CH0251_home,/home/augus/BA_MemorialLobby/characters/CH0251_home_2_data.tres,/home/augus/BA_Extracted_Full/Assets/_MX/SpineLobbies/CH0251_home
CH0251_home,3,CH0251_home,/home/augus/BA_MemorialLobby/characters/CH0251_home_3_data.tres,/home/augus/BA_Extracted_Full/Assets/_MX/SpineLobbies/CH0251_home
CH0255_home,0,CH0255_home,/home/augus/BA_MemorialLobby/characters/CH0255_home_data.tres,/home/augus/BA_Extracted_Full/Assets/_MX/SpineLobbies/CH0255_home
CH0255_home,1,CH0255_home,/home/augus/BA_MemorialLobby/characters/CH0255_home_1_data.tres,/home/augus/BA_Extracted_Full/Assets/_MX/SpineLobbies/CH0255_home
CH0255_home,2,CH0255_home,/home/augus/BA_MemorialLobby/characters/CH0255_home_2_data.tres,/home/augus/BA_Extracted_Full/Assets/_MX/SpineLobbies/CH0255_home
CH0255_home,3,CH0255_home,/home/augus/BA_MemorialLobby/characters/CH0255_home_3_data.tres,/home/augus/BA_Extracted_Full/Assets/_MX/SpineLobbies/CH0255_home
CH0257_home,0,CH0257_home,/home/augus/BA_MemorialLobby/characters/CH0257_home_data.tres,/home/augus/BA_Extracted_Full/Assets/_MX/SpineLobbies/CH0257_home
CH0257_home,1,CH0257_home,/home/augus/BA_MemorialLobby/characters/CH0257_home_1_data.tres,/home/augus/BA_Extracted_Full/Assets/_MX/SpineLobbies/CH0257_home
CH0257_home,2,CH0257_home,/home/augus/BA_MemorialLobby/characters/CH0257_home_2_data.tres,/home/augus/BA_Extracted_Full/Assets/_MX/SpineLobbies/CH0257_home
CH0257_home,3,CH0257_home,/home/augus/BA_MemorialLobby/characters/CH0257_home_3_data.tres,/home/augus/BA_Extracted_Full/Assets/_MX/SpineLobbies/CH0257_home
CH0258_home,0,CH0258_home,/home/augus/BA_MemorialLobby/characters/CH0258_home_data.tres,/home/augus/BA_Extracted_Full/Assets/_MX/SpineLobbies/CH0258_home
CH0258_home,1,CH0258_home,/home/augus/BA_MemorialLobby/characters/CH0258_home_1_data.tres,/home/augus/BA_Extracted_Full/Assets/_MX/SpineLobbies/CH0258_home
CH0258_home,2,CH0258_home,/home/augus/BA_MemorialLobby/characters/CH0258_home_2_data.tres,/home/augus/BA_Extracted_Full/Assets/_MX/SpineLobbies/CH0258_home
CH0258_home,3,CH0258_home,/home/augus/BA_MemorialLobby/characters/CH0258_home_3_data.tres,/home/augus/BA_Extracted_Full/Assets/_MX/SpineLobbies/CH0258_home
CH0259_home,0,CH0259_home,/home/augus/BA_MemorialLobby/characters/CH0259_home_data.tres,/home/augus/BA_Extracted_Full/Assets/_MX/SpineLobbies/CH0259_home
CH0259_home,1,CH0259_home,/home/augus/BA_MemorialLobby/characters/CH0259_home_1_data.tres,/home/augus/BA_Extracted_Full/Assets/_MX/SpineLobbies/CH0259_home
CH0259_home,2,CH0259_home,/home/augus/BA_MemorialLobby/characters/CH0259_home_2_data.tres,/home/augus/BA_Extracted_Full/Assets/_MX/SpineLobbies/CH0259_home
CH0259_home,3,CH0259_home,/home/augus/BA_MemorialLobby/characters/CH0259_home_3_data.tres,/home/augus/BA_Extracted_Full/Assets/_MX/SpineLobbies/CH0259_home
CH0260_home,0,CH0260_home,/home/augus/BA_MemorialLobby/characters/CH0260_home_data.tres,/home/augus/BA_Extracted_Full/Assets/_MX/SpineLobbies/CH0260_home
CH0260_home,1,CH0260_home,/home/augus/BA_MemorialLobby/characters/CH0260_home_1_data.tres,/home/augus/BA_Extracted_Full/Assets/_MX/SpineLobbies/CH0260_home
CH0260_home,2,CH0260_home,/home/augus/BA_MemorialLobby/characters/CH0260_home_2_data.tres,/home/augus/BA_Extracted_Full/Assets/_MX/SpineLobbies/CH0260_home
CH0260_home,3,CH0260_home,/home/augus/BA_MemorialLobby/characters/CH0260_home_3_data.tres,/home/augus/BA_Extracted_Full/Assets/_MX/SpineLobbies/CH0260_home
CH0261_home,0,CH0261_home,/home/augus/BA_MemorialLobby/characters/CH0261_home_data.tres,/home/augus/BA_Extracted_Full/Assets/_MX/SpineLobbies/CH0261_home
CH0261_home,1,CH0261_home,/home/augus/BA_MemorialLobby/characters/CH0261_home_1_data.tres,/home/augus/BA_Extracted_Full/Assets/_MX/SpineLobbies/CH0261_home
CH0261_home,2,CH0261_home,/home/augus/BA_MemorialLobby/characters/CH0261_home_2_data.tres,/home/augus/BA_Extracted_Full/Assets/_MX/SpineLobbies/CH0261_home
CH0261_home,3,CH0261_home,/home/augus/BA_MemorialLobby/characters/CH0261_home_3_data.tres,/home/augus/BA_Extracted_Full/Assets/_MX/SpineLobbies/CH0261_home
CH0262_home,0,CH0262_home,/home/augus/BA_MemorialLobby/characters/CH0262_home_data.tres,/home/augus/BA_Extracted_Full/Assets/_MX/SpineLobbies/CH0262_home
CH0262_home,1,CH0262_home,/home/augus/BA_MemorialLobby/characters/CH0262_home_1_data.tres,/home/augus/BA_Extracted_Full/Assets/_MX/SpineLobbies/CH0262_home
CH0262_home,2,CH0262_home,/home/augus/BA_MemorialLobby/characters/CH0262_home_2_data.tres,/home/augus/BA_Extracted_Full/Assets/_MX/SpineLobbies/CH0262_home
CH0262_home,3,CH0262_home,/home/augus/BA_MemorialLobby/characters/CH0262_home_3_data.tres,/home/augus/BA_Extracted_Full/Assets/_MX/SpineLobbies/CH0262_home
CH0263_home,0,CH0263_home,/home/augus/BA_MemorialLobby/characters/CH0263_home_data.tres,/home/augus/BA_Extracted_Full/Assets/_MX/SpineLobbies/CH0263_home
CH0263_home,1,CH0263_home,/home/augus/BA_MemorialLobby/characters/CH0263_home_1_data.tres,/home/augus/BA_Extracted_Full/Assets/_MX/SpineLobbies/CH0263_home
CH0263_home,2,CH0263_home,/home/augus/BA_MemorialLobby/characters/CH0263_home_2_data.tres,/home/augus/BA_Extracted_Full/Assets/_MX/SpineLobbies/CH0263_home
CH0263_home,3,CH0263_home,/home/augus/BA_MemorialLobby/characters/CH0263_home_3_data.tres,/home/augus/BA_Extracted_Full/Assets/_MX/SpineLobbies/CH0263_home
CH0264_home,0,CH0264_home,/home/augus/BA_MemorialLobby/characters/CH0264_home_data.tres,/home/augus/BA_Extracted_Full/Assets/_MX/SpineLobbies/CH0264_home
CH0264_home,1,CH0264_home,/home/augus/BA_MemorialLobby/characters/CH0264_home_1_data.tres,/home/augus/BA_Extracted_Full/Assets/_MX/SpineLobbies/CH0264_home
CH0264_home,2,CH0264_home,/home/augus/BA_MemorialLobby/characters/CH0264_home_2_data.tres,/home/augus/BA_Extracted_Full/Assets/_MX/SpineLobbies/CH0264_home
CH0264_home,3,CH0264_home,/home/augus/BA_MemorialLobby/characters/CH0264_home_3_data.tres,/home/augus/BA_Extracted_Full/Assets/_MX/SpineLobbies/CH0264_home
CH0266_home,0,CH0266_home,/home/augus/BA_MemorialLobby/characters/CH0266_home_data.tres,/home/augus/BA_Extracted_Full/Assets/_MX/SpineLobbies/CH0266_home
CH0266_home,1,CH0266_home,/home/augus/BA_MemorialLobby/characters/CH0266_home_1_data.tres,/home/augus/BA_Extracted_Full/Assets/_MX/SpineLobbies/CH0266_home
CH0266_home,2,CH0266_home,/home/augus/BA_MemorialLobby/characters/CH0266_home_2_data.tres,/home/augus/BA_Extracted_Full/Assets/_MX/SpineLobbies/CH0266_home
CH0266_home,3,CH0266_home,/home/augus/BA_MemorialLobby/characters/CH0266_home_3_data.tres,/home/augus/BA_Extracted_Full/Assets/_MX/SpineLobbies/CH0266_home
CH0267_home,0,CH0267_home,/home/augus/BA_MemorialLobby/characters/CH0267_home_data.tres,/home/augus/BA_Extracted_Full/Assets/_MX/SpineLobbies/CH0267_home
CH0267_home,1,CH0267_home,/home/augus/BA_MemorialLobby/characters/CH0267_home_1_data.tres,/home/augus/BA_Extracted_Full/Assets/_MX/SpineLobbies/CH0267_home
CH0267_home,2,CH0267_home,/home/augus/BA_MemorialLobby/characters/CH0267_home_2_data.tres,/home/augus/BA_Extracted_Full/Assets/_MX/SpineLobbies/CH0267_home
CH0267_home,3,CH0267_home,/home/augus/BA_MemorialLobby/characters/CH0267_home_3_data.tres,/home/augus/BA_Extracted_Full/Assets/_MX/SpineLobbies/CH0267_home
CH0268_home,0,CH0268_home,/home/augus/BA_MemorialLobby/characters/CH0268_home_data.tres,/home/augus/BA_Extracted_Full/Assets/_MX/SpineLobbies/CH0268_home
CH0268_home,1,CH0268_home,/home/augus/BA_MemorialLobby/characters/CH0268_home_1_data.tres,/home/augus/BA_Extracted_Full/Assets/_MX/SpineLobbies/CH0268_home
CH0268_home,2,CH0268_home,/home/augus/BA_MemorialLobby/characters/CH0268_home_2_data.tres,/home/augus/BA_Extracted_Full/Assets/_MX/SpineLobbies/CH0268_home
CH0268_home,3,CH0268_home,/home/augus/BA_MemorialLobby/characters/CH0268_home_3_data.tres,/home/augus/BA_Extracted_Full/Assets/_MX/SpineLobbies/CH0268_home
CH0269_home,0,CH0269_home,/home/augus/BA_MemorialLobby/characters/CH0269_home_data.tres,/home/augus/BA_Extracted_Full/Assets/_MX/SpineLobbies/CH0269_home
CH0269_home,1,CH0269_home,/home/augus/BA_MemorialLobby/characters/CH0269_home_1_data.tres,/home/augus/BA_Extracted_Full/Assets/_MX/SpineLobbies/CH0269_home
CH0269_home,2,CH0269_home,/home/augus/BA_MemorialLobby/characters/CH0269_home_2_data.tres,/home/augus/BA_Extracted_Full/Assets/_MX/SpineLobbies/CH0269_home
CH0269_home,3,CH0269_home,/home/augus/BA_MemorialLobby/characters/CH0269_home_3_data.tres,/home/augus/BA_Extracted_Full/Assets/_MX/SpineLobbies/CH0269_home
CH0270_home,0,CH0270_home,/home/augus/BA_MemorialLobby/characters/CH0270_home_data.tres,/home/augus/BA_Extracted_Full/Assets/_MX/SpineLobbies/CH0270_home
CH0270_home,1,CH0270_home,/home/augus/BA_MemorialLobby/characters/CH0270_home_1_data.tres,/home/augus/BA_Extracted_Full/Assets/_MX/SpineLobbies/CH0270_home
CH0270_home,2,CH0270_home,/home/augus/BA_MemorialLobby/characters/CH0270_home_2_data.tres,/home/augus/BA_Extracted_Full/Assets/_MX/SpineLobbies/CH0270_home
CH0270_home,3,CH0270_home,/home/augus/BA_MemorialLobby/characters/CH0270_home_3_data.tres,/home/augus/BA_Extracted_Full/Assets/_MX/SpineLobbies/CH0270_home
CH0271_home,0,CH0271_home,/home/augus/BA_MemorialLobby/characters/CH0271_home_data.tres,/home/augus/BA_Extracted_Full/Assets/_MX/SpineLobbies/CH0271_home
CH0271_home,1,CH0271_home,/home/augus/BA_MemorialLobby/characters/CH0271_home_1_data.tres,/home/augus/BA_Extracted_Full/Assets/_MX/SpineLobbies/CH0271_home
CH0271_home,2,CH0271_home,/home/augus/BA_MemorialLobby/characters/CH0271_home_2_data.tres,/home/augus/BA_Extracted_Full/Assets/_MX/SpineLobbies/CH0271_home
CH0271_home,3,CH0271_home,/home/augus/BA_MemorialLobby/characters/CH0271_home_3_data.tres,/home/augus/BA_Extracted_Full/Assets/_MX/SpineLobbies/CH0271_home
CH0273_home,0,CH0273_home,/home/augus/BA_MemorialLobby/characters/CH0273_home_data.tres,/home/augus/BA_Extracted_Full/Assets/_MX/SpineLobbies/CH0273_home
CH0273_home,1,CH0273_home,/home/augus/BA_MemorialLobby/characters/CH0273_home_1_data.tres,/home/augus/BA_Extracted_Full/Assets/_MX/SpineLobbies/CH0273_home
CH0273_home,2,CH0273_home,/home/augus/BA_MemorialLobby/characters/CH0273_home_2_data.tres,/home/augus/BA_Extracted_Full/Assets/_MX/SpineLobbies/CH0273_home
CH0273_home,3,CH0273_home,/home/augus/BA_MemorialLobby/characters/CH0273_home_3_data.tres,/home/augus/BA_Extracted_Full/Assets/_MX/SpineLobbies/CH0273_home
CH0274_home,0,CH0274_home,/home/augus/BA_MemorialLobby/characters/CH0274_home_data.tres,/home/augus/BA_Extracted_Full/Assets/_MX/SpineLobbies/CH0274_home
CH0274_home,1,CH0274_home,/home/augus/BA_MemorialLobby/characters/CH0274_home_1_data.tres,/home/augus/BA_Extracted_Full/Assets/_MX/SpineLobbies/CH0274_home
CH0274_home,2,CH0274_home,/home/augus/BA_MemorialLobby/characters/CH0274_home_2_data.tres,/home/augus/BA_Extracted_Full/Assets/_MX/SpineLobbies/CH0274_home
CH0274_home,3,CH0274_home,/home/augus/BA_MemorialLobby/characters/CH0274_home_3_data.tres,/home/augus/BA_Extracted_Full/Assets/_MX/SpineLobbies/CH0274_home
CH0275_home,0,CH0275_home,/home/augus/BA_MemorialLobby/characters/CH0275_home_data.tres,/home/augus/BA_Extracted_Full/Assets/_MX/SpineLobbies/CH0275_home
CH0275_home,1,CH0275_home,/home/augus/BA_MemorialLobby/characters/CH0275_home_1_data.tres,/home/augus/BA_Extracted_Full/Assets/_MX/SpineLobbies/CH0275_home
CH0275_home,2,CH0275_home,/home/augus/BA_MemorialLobby/characters/CH0275_home_2_data.tres,/home/augus/BA_Extracted_Full/Assets/_MX/SpineLobbies/CH0275_home
CH0275_home,3,CH0275_home,/home/augus/BA_MemorialLobby/characters/CH0275_home_3_data.tres,/home/augus/BA_Extracted_Full/Assets/_MX/SpineLobbies/CH0275_home
CH0280_home,0,CH0280_home,/home/augus/BA_MemorialLobby/characters/CH0280_home_data.tres,/home/augus/BA_Extracted_Full/Assets/_MX/SpineLobbies/CH0280_home
CH0280_home,1,CH0280_home,/home/augus/BA_MemorialLobby/characters/CH0280_home_1_data.tres,/home/augus/BA_Extracted_Full/Assets/_MX/SpineLobbies/CH0280_home
CH0280_home,2,CH0280_home,/home/augus/BA_MemorialLobby/characters/CH0280_home_2_data.tres,/home/augus/BA_Extracted_Full/Assets/_MX/SpineLobbies/CH0280_home
CH0280_home,3,CH0280_home,/home/augus/BA_MemorialLobby/characters/CH0280_home_3_data.tres,/home/augus/BA_Extracted_Full/Assets/_MX/SpineLobbies/CH0280_home
CH0281_home,0,CH0281_home,/home/augus/BA_MemorialLobby/characters/CH0281_home_data.tres,/home/augus/BA_Extracted_Full/Assets/_MX/SpineLobbies/CH0281_home
CH0281_home,1,CH0281_home,/home/augus/BA_MemorialLobby/characters/CH0281_home_1_data.tres,/home/augus/BA_Extracted_Full/Assets/_MX/SpineLobbies/CH0281_home
CH0281_home,2,CH0281_home,/home/augus/BA_MemorialLobby/characters/CH0281_home_2_data.tres,/home/augus/BA_Extracted_Full/Assets/_MX/SpineLobbies/CH0281_home
CH0281_home,3,CH0281_home,/home/augus/BA_MemorialLobby/characters/CH0281_home_3_data.tres,/home/augus/BA_Extracted_Full/Assets/_MX/SpineLobbies/CH0281_home
CH0282_home,0,CH0282_home,/home/augus/BA_MemorialLobby/characters/CH0282_home_data.tres,/home/augus/BA_Extracted_Full/Assets/_MX/SpineLobbies/CH0282_home
CH0282_home,1,CH0282_home,/home/augus/BA_MemorialLobby/characters/CH0282_home_1_data.tres,/home/augus/BA_Extracted_Full/Assets/_MX/SpineLobbies/CH0282_home
CH0282_home,2,CH0282_home,/home/augus/BA_MemorialLobby/characters/CH0282_home_2_data.tres,/home/augus/BA_Extracted_Full/Assets/_MX/SpineLobbies/CH0282_home
CH0282_home,3,CH0282_home,/home/augus/BA_MemorialLobby/characters/CH0282_home_3_data.tres,/home/augus/BA_Extracted_Full/Assets/_MX/SpineLobbies/CH0282_home
CH0284_home,0,CH0284_home,/home/augus/BA_MemorialLobby/characters/CH0284_home_data.tres,/home/augus/BA_Extracted_Full/Assets/_MX/SpineLobbies/CH0284_home
CH0284_home,1,CH0284_home,/home/augus/BA_MemorialLobby/characters/CH0284_home_1_data.tres,/home/augus/BA_Extracted_Full/Assets/_MX/SpineLobbies/CH0284_home
CH0284_home,2,CH0284_home,/home/augus/BA_MemorialLobby/characters/CH0284_home_2_data.tres,/home/augus/BA_Extracted_Full/Assets/_MX/SpineLobbies/CH0284_home
CH0284_home,3,CH0284_home,/home/augus/BA_MemorialLobby/characters/CH0284_home_3_data.tres,/home/augus/BA_Extracted_Full/Assets/_MX/SpineLobbies/CH0284_home
CH0285_home,0,CH0285_home,/home/augus/BA_MemorialLobby/characters/CH0285_home_data.tres,/home/augus/BA_Extracted_Full/Assets/_MX/SpineLobbies/CH0285_home
CH0285_home,1,CH0285_home,/home/augus/BA_MemorialLobby/characters/CH0285_home_1_data.tres,/home/augus/BA_Extracted_Full/Assets/_MX/SpineLobbies/CH0285_home
CH0285_home,2,CH0285_home,/home/augus/BA_MemorialLobby/characters/CH0285_home_2_data.tres,/home/augus/BA_Extracted_Full/Assets/_MX/SpineLobbies/CH0285_home
CH0285_home,3,CH0285_home,/home/augus/BA_MemorialLobby/characters/CH0285_home_3_data.tres,/home/augus/BA_Extracted_Full/Assets/_MX/SpineLobbies/CH0285_home
CH0286_home,0,CH0286_home,/home/augus/BA_MemorialLobby/characters/CH0286_home_data.tres,/home/augus/BA_Extracted_Full/Assets/_MX/SpineLobbies/CH0286_home
CH0286_home,1,CH0286_home,/home/augus/BA_MemorialLobby/characters/CH0286_home_1_data.tres,/home/augus/BA_Extracted_Full/Assets/_MX/SpineLobbies/CH0286_home
CH0286_home,2,CH0286_home,/home/augus/BA_MemorialLobby/characters/CH0286_home_2_data.tres,/home/augus/BA_Extracted_Full/Assets/_MX/SpineLobbies/CH0286_home
CH0286_home,3,CH0286_home,/home/augus/BA_MemorialLobby/characters/CH0286_home_3_data.tres,/home/augus/BA_Extracted_Full/Assets/_MX/SpineLobbies/CH0286_home
CH0287_home,0,CH0287_home,/home/augus/BA_MemorialLobby/characters/CH0287_home_data.tres,/home/augus/BA_Extracted_Full/Assets/_MX/SpineLobbies/CH0287_home
CH0287_home,1,CH0287_home,/home/augus/BA_MemorialLobby/characters/CH0287_home_1_data.tres,/home/augus/BA_Extracted_Full/Assets/_MX/SpineLobbies/CH0287_home
CH0287_home,2,CH0287_home,/home/augus/BA_MemorialLobby/characters/CH0287_home_2_data.tres,/home/augus/BA_Extracted_Full/Assets/_MX/SpineLobbies/CH0287_home
CH0287_home,3,CH0287_home,/home/augus/BA_MemorialLobby/characters/CH0287_home_3_data.tres,/home/augus/BA_Extracted_Full/Assets/_MX/SpineLobbies/CH0287_home
CH0288_home,0,CH0288_home,/home/augus/BA_MemorialLobby/characters/CH0288_home_data.tres,/home/augus/BA_Extracted_Full/Assets/_MX/SpineLobbies/CH0288_home
CH0288_home,1,CH0288_home,/home/augus/BA_MemorialLobby/characters/CH0288_home_1_data.tres,/home/augus/BA_Extracted_Full/Assets/_MX/SpineLobbies/CH0288_home
CH0288_home,2,CH0288_home,/home/augus/BA_MemorialLobby/characters/CH0288_home_2_data.tres,/home/augus/BA_Extracted_Full/Assets/_MX/SpineLobbies/CH0288_home
CH0288_home,3,CH0288_home,/home/augus/BA_MemorialLobby/characters/CH0288_home_3_data.tres,/home/augus/BA_Extracted_Full/Assets/_MX/SpineLobbies/CH0288_home
CH0291_home,0,CH0291_home,/home/augus/BA_MemorialLobby/characters/CH0291_home_data.tres,/home/augus/BA_Extracted_Full/Assets/_MX/SpineLobbies/CH0291_home
CH0291_home,1,CH0291_home,/home/augus/BA_MemorialLobby/characters/CH0291_home_1_data.tres,/home/augus/BA_Extracted_Full/Assets/_MX/SpineLobbies/CH0291_home
CH0291_home,2,CH0291_home,/home/augus/BA_MemorialLobby/characters/CH0291_home_2_data.tres,/home/augus/BA_Extracted_Full/Assets/_MX/SpineLobbies/CH0291_home
CH0291_home,3,CH0291_home,/home/augus/BA_MemorialLobby/characters/CH0291_home_3_data.tres,/home/augus/BA_Extracted_Full/Assets/_MX/SpineLobbies/CH0291_home
CH0292_home,0,CH0292_home,/home/augus/BA_MemorialLobby/characters/CH0292_home_data.tres,/home/augus/BA_Extracted_Full/Assets/_MX/SpineLobbies/CH0292_home
CH0292_home,1,CH0292_home,/home/augus/BA_MemorialLobby/characters/CH0292_home_1_data.tres,/home/augus/BA_Extracted_Full/Assets/_MX/SpineLobbies/CH0292_home
CH0292_home,2,CH0292_home,/home/augus/BA_MemorialLobby/characters/CH0292_home_2_data.tres,/home/augus/BA_Extracted_Full/Assets/_MX/SpineLobbies/CH0292_home
CH0292_home,3,CH0292_home,/home/augus/BA_MemorialLobby/characters/CH0292_home_3_data.tres,/home/augus/BA_Extracted_Full/Assets/_MX/SpineLobbies/CH0292_home
CH0293_home,0,CH0293_home,/home/augus/BA_MemorialLobby/characters/CH0293_home_data.tres,/home/augus/BA_Extracted_Full/Assets/_MX/SpineLobbies/CH0293_home
CH0293_home,1,CH0293_home,/home/augus/BA_MemorialLobby/characters/CH0293_home_1_data.tres,/home/augus/BA_Extracted_Full/Assets/_MX/SpineLobbies/CH0293_home
CH0293_home,2,CH0293_home,/home/augus/BA_MemorialLobby/characters/CH0293_home_2_data.tres,/home/augus/BA_Extracted_Full/Assets/_MX/SpineLobbies/CH0293_home
CH0293_home,3,CH0293_home,/home/augus/BA_MemorialLobby/characters/CH0293_home_3_data.tres,/home/augus/BA_Extracted_Full/Assets/_MX/SpineLobbies/CH0293_home
CH0294_home,0,CH0294_home,/home/augus/BA_MemorialLobby/characters/CH0294_home_data.tres,/home/augus/BA_Extracted_Full/Assets/_MX/SpineLobbies/CH0294_home
CH0294_home,1,CH0294_home,/home/augus/BA_MemorialLobby/characters/CH0294_home_1_data.tres,/home/augus/BA_Extracted_Full/Assets/_MX/SpineLobbies/CH0294_home
CH0294_home,2,CH0294_home,/home/augus/BA_MemorialLobby/characters/CH0294_home_2_data.tres,/home/augus/BA_Extracted_Full/Assets/_MX/SpineLobbies/CH0294_home
CH0294_home,3,CH0294_home,/home/augus/BA_MemorialLobby/characters/CH0294_home_3_data.tres,/home/augus/BA_Extracted_Full/Assets/_MX/SpineLobbies/CH0294_home
CH0295_home,0,CH0295_home,/home/augus/BA_MemorialLobby/characters/CH0295_home_data.tres,/home/augus/BA_Extracted_Full/Assets/_MX/SpineLobbies/CH0295_home
CH0295_home,1,CH0295_home,/home/augus/BA_MemorialLobby/characters/CH0295_home_1_data.tres,/home/augus/BA_Extracted_Full/Assets/_MX/SpineLobbies/CH0295_home
CH0295_home,2,CH0295_home,/home/augus/BA_MemorialLobby/characters/CH0295_home_2_data.tres,/home/augus/BA_Extracted_Full/Assets/_MX/SpineLobbies/CH0295_home
CH0295_home,3,CH0295_home,/home/augus/BA_MemorialLobby/characters/CH0295_home_3_data.tres,/home/augus/BA_Extracted_Full/Assets/_MX/SpineLobbies/CH0295_home
CH0295_home_GL,0,CH0295_home_GL,/home/augus/BA_MemorialLobby/characters/CH0295_home_GL_data.tres,/home/augus/BA_Extracted_Full/Assets/_MX/SpineLobbies/CH0295_home_GL
CH0295_home_GL,1,CH0295_home_GL,/home/augus/BA_MemorialLobby/characters/CH0295_home_GL_1_data.tres,/home/augus/BA_Extracted_Full/Assets/_MX/SpineLobbies/CH0295_home_GL
CH0295_home_GL,2,CH0295_home_GL,/home/augus/BA_MemorialLobby/characters/CH0295_home_GL_2_data.tres,/home/augus/BA_Extracted_Full/Assets/_MX/SpineLobbies/CH0295_home_GL
CH0295_home_GL,3,CH0295_home_GL,/home/augus/BA_MemorialLobby/characters/CH0295_home_GL_3_data.tres,/home/augus/BA_Extracted_Full/Assets/_MX/SpineLobbies/CH0295_home_GL
CH0296_home,0,CH0296_home,/home/augus/BA_MemorialLobby/characters/CH0296_home_data.tres,/home/augus/BA_Extracted_Full/Assets/_MX/SpineLobbies/CH0296_home
CH0296_home,1,CH0296_home,/home/augus/BA_MemorialLobby/characters/CH0296_home_1_data.tres,/home/augus/BA_Extracted_Full/Assets/_MX/SpineLobbies/CH0296_home
CH0296_home,2,CH0296_home,/home/augus/BA_MemorialLobby/characters/CH0296_home_2_data.tres,/home/augus/BA_Extracted_Full/Assets/_MX/SpineLobbies/CH0296_home
CH0296_home,3,CH0296_home,/home/augus/BA_MemorialLobby/characters/CH0296_home_3_data.tres,/home/augus/BA_Extracted_Full/Assets/_MX/SpineLobbies/CH0296_home
CH0297_home,0,CH0297_home,/home/augus/BA_MemorialLobby/characters/CH0297_home_data.tres,/home/augus/BA_Extracted_Full/Assets/_MX/SpineLobbies/CH0297_home
CH0297_home,1,CH0297_home,/home/augus/BA_MemorialLobby/characters/CH0297_home_1_data.tres,/home/augus/BA_Extracted_Full/Assets/_MX/SpineLobbies/CH0297_home
CH0297_home,2,CH0297_home,/home/augus/BA_MemorialLobby/characters/CH0297_home_2_data.tres,/home/augus/BA_Extracted_Full/Assets/_MX/SpineLobbies/CH0297_home
CH0297_home,3,CH0297_home,/home/augus/BA_MemorialLobby/characters/CH0297_home_3_data.tres,/home/augus/BA_Extracted_Full/Assets/_MX/SpineLobbies/CH0297_home
CH0300_home,0,CH0300_home,/home/augus/BA_MemorialLobby/characters/CH0300_home_data.tres,/home/augus/BA_Extracted_Full/Assets/_MX/SpineLobbies/CH0300_home
CH0300_home,1,CH0300_home,/home/augus/BA_MemorialLobby/characters/CH0300_home_1_data.tres,/home/augus/BA_Extracted_Full/Assets/_MX/SpineLobbies/CH0300_home
CH0300_home,2,CH0300_home,/home/augus/BA_MemorialLobby/characters/CH0300_home_2_data.tres,/home/augus/BA_Extracted_Full/Assets/_MX/SpineLobbies/CH0300_home
CH0300_home,3,CH0300_home,/home/augus/BA_MemorialLobby/characters/CH0300_home_3_data.tres,/home/augus/BA_Extracted_Full/Assets/_MX/SpineLobbies/CH0300_home
CH0301_home,0,CH0301_home,/home/augus/BA_MemorialLobby/characters/CH0301_home_data.tres,/home/augus/BA_Extracted_Full/Assets/_MX/SpineLobbies/CH0301_home
CH0301_home,1,CH0301_home,/home/augus/BA_MemorialLobby/characters/CH0301_home_1_data.tres,/home/augus/BA_Extracted_Full/Assets/_MX/SpineLobbies/CH0301_home
CH0301_home,2,CH0301_home,/home/augus/BA_MemorialLobby/characters/CH0301_home_2_data.tres,/home/augus/BA_Extracted_Full/Assets/_MX/SpineLobbies/CH0301_home
CH0301_home,3,CH0301_home,/home/augus/BA_MemorialLobby/characters/CH0301_home_3_data.tres,/home/augus/BA_Extracted_Full/Assets/_MX/SpineLobbies/CH0301_home
CH0302_home,0,CH0302_home,/home/augus/BA_MemorialLobby/characters/CH0302_home_data.tres,/home/augus/BA_Extracted_Full/Assets/_MX/SpineLobbies/CH0302_home
CH0302_home,1,CH0302_home,/home/augus/BA_MemorialLobby/characters/CH0302_home_1_data.tres,/home/augus/BA_Extracted_Full/Assets/_MX/SpineLobbies/CH0302_home
CH0302_home,2,CH0302_home,/home/augus/BA_MemorialLobby/characters/CH0302_home_2_data.tres,/home/augus/BA_Extracted_Full/Assets/_MX/SpineLobbies/CH0302_home
CH0302_home,3,CH0302_home,/home/augus/BA_MemorialLobby/characters/CH0302_home_3_data.tres,/home/augus/BA_Extracted_Full/Assets/_MX/SpineLobbies/CH0302_home
CH0304_home,0,CH0304_home,/home/augus/BA_MemorialLobby/characters/CH0304_home_data.tres,/home/augus/BA_Extracted_Full/Assets/_MX/SpineLobbies/CH0304_home
CH0304_home,1,CH0304_home,/home/augus/BA_MemorialLobby/characters/CH0304_home_1_data.tres,/home/augus/BA_Extracted_Full/Assets/_MX/SpineLobbies/CH0304_home
CH0304_home,2,CH0304_home,/home/augus/BA_MemorialLobby/characters/CH0304_home_2_data.tres,/home/augus/BA_Extracted_Full/Assets/_MX/SpineLobbies/CH0304_home
CH0304_home,3,CH0304_home,/home/augus/BA_MemorialLobby/characters/CH0304_home_3_data.tres,/home/augus/BA_Extracted_Full/Assets/_MX/SpineLobbies/CH0304_home
CH0305_home,0,CH0305_home,/home/augus/BA_MemorialLobby/characters/CH0305_home_data.tres,/home/augus/BA_Extracted_Full/Assets/_MX/SpineLobbies/CH0305_home
CH0305_home,1,CH0305_home,/home/augus/BA_MemorialLobby/characters/CH0305_home_1_data.tres,/home/augus/BA_Extracted_Full/Assets/_MX/SpineLobbies/CH0305_home
CH0305_home,2,CH0305_home,/home/augus/BA_MemorialLobby/characters/CH0305_home_2_data.tres,/home/augus/BA_Extracted_Full/Assets/_MX/SpineLobbies/CH0305_home
CH0305_home,3,CH0305_home,/home/augus/BA_MemorialLobby/characters/CH0305_home_3_data.tres,/home/augus/BA_Extracted_Full/Assets/_MX/SpineLobbies/CH0305_home
CH0306_home,0,CH0306_home,/home/augus/BA_MemorialLobby/characters/CH0306_home_data.tres,/home/augus/BA_Extracted_Full/Assets/_MX/SpineLobbies/CH0306_home
CH0306_home,1,CH0306_home,/home/augus/BA_MemorialLobby/characters/CH0306_home_1_data.tres,/home/augus/BA_Extracted_Full/Assets/_MX/SpineLobbies/CH0306_home
CH0306_home,2,CH0306_home,/home/augus/BA_MemorialLobby/characters/CH0306_home_2_data.tres,/home/augus/BA_Extracted_Full/Assets/_MX/SpineLobbies/CH0306_home
CH0306_home,3,CH0306_home,/home/augus/BA_MemorialLobby/characters/CH0306_home_3_data.tres,/home/augus/BA_Extracted_Full/Assets/_MX/SpineLobbies/CH0306_home
CH0307_home,0,CH0307_home,/home/augus/BA_MemorialLobby/characters/CH0307_home_data.tres,/home/augus/BA_Extracted_Full/Assets/_MX/SpineLobbies/CH0307_home
CH0307_home,1,CH0307_home,/home/augus/BA_MemorialLobby/characters/CH0307_home_1_data.tres,/home/augus/BA_Extracted_Full/Assets/_MX/SpineLobbies/CH0307_home
CH0307_home,2,CH0307_home,/home/augus/BA_MemorialLobby/characters/CH0307_home_2_data.tres,/home/augus/BA_Extracted_Full/Assets/_MX/SpineLobbies/CH0307_home
CH0307_home,3,CH0307_home,/home/augus/BA_MemorialLobby/characters/CH0307_home_3_data.tres,/home/augus/BA_Extracted_Full/Assets/_MX/SpineLobbies/CH0307_home
CH0309_home,0,CH0309_home,/home/augus/BA_MemorialLobby/characters/CH0309_home_data.tres,/home/augus/BA_Extracted_Full/Assets/_MX/SpineLobbies/CH0309_home
CH0309_home,1,CH0309_home,/home/augus/BA_MemorialLobby/characters/CH0309_home_1_data.tres,/home/augus/BA_Extracted_Full/Assets/_MX/SpineLobbies/CH0309_home
CH0309_home,2,CH0309_home,/home/augus/BA_MemorialLobby/characters/CH0309_home_2_data.tres,/home/augus/BA_Extracted_Full/Assets/_MX/SpineLobbies/CH0309_home
CH0309_home,3,CH0309_home,/home/augus/BA_MemorialLobby/characters/CH0309_home_3_data.tres,/home/augus/BA_Extracted_Full/Assets/_MX/SpineLobbies/CH0309_home
CH0310_home,0,CH0310_home,/home/augus/BA_MemorialLobby/characters/CH0310_home_data.tres,/home/augus/BA_Extracted_Full/Assets/_MX/SpineLobbies/CH0310_home
CH0310_home,1,CH0310_home,/home/augus/BA_MemorialLobby/characters/CH0310_home_1_data.tres,/home/augus/BA_Extracted_Full/Assets/_MX/SpineLobbies/CH0310_home
CH0310_home,2,CH0310_home,/home/augus/BA_MemorialLobby/characters/CH0310_home_2_data.tres,/home/augus/BA_Extracted_Full/Assets/_MX/SpineLobbies/CH0310_home
CH0310_home,3,CH0310_home,/home/augus/BA_MemorialLobby/characters/CH0310_home_3_data.tres,/home/augus/BA_Extracted_Full/Assets/_MX/SpineLobbies/CH0310_home
CH0317_home,0,CH0317_home,/home/augus/BA_MemorialLobby/characters/CH0317_home_data.tres,/home/augus/BA_Extracted_Full/Assets/_MX/SpineLobbies/CH0317_home
CH0317_home,1,CH0317_home,/home/augus/BA_MemorialLobby/characters/CH0317_home_1_data.tres,/home/augus/BA_Extracted_Full/Assets/_MX/SpineLobbies/CH0317_home
CH0317_home,2,CH0317_home,/home/augus/BA_MemorialLobby/characters/CH0317_home_2_data.tres,/home/augus/BA_Extracted_Full/Assets/_MX/SpineLobbies/CH0317_home
CH0317_home,3,CH0317_home,/home/augus/BA_MemorialLobby/characters/CH0317_home_3_data.tres,/home/augus/BA_Extracted_Full/Assets/_MX/SpineLobbies/CH0317_home
CH0318_home,0,CH0318_home,/home/augus/BA_MemorialLobby/characters/CH0318_home_data.tres,/home/augus/BA_Extracted_Full/Assets/_MX/SpineLobbies/CH0318_home
CH0318_home,1,CH0318_home,/home/augus/BA_MemorialLobby/characters/CH0318_home_1_data.tres,/home/augus/BA_Extracted_Full/Assets/_MX/SpineLobbies/CH0318_home
CH0318_home,2,CH0318_home,/home/augus/BA_MemorialLobby/characters/CH0318_home_2_data.tres,/home/augus/BA_Extracted_Full/Assets/_MX/SpineLobbies/CH0318_home
CH0318_home,3,CH0318_home,/home/augus/BA_MemorialLobby/characters/CH0318_home_3_data.tres,/home/augus/BA_Extracted_Full/Assets/_MX/SpineLobbies/CH0318_home
CH0319_home,0,CH0319_home,/home/augus/BA_MemorialLobby/characters/CH0319_home_data.tres,/home/augus/BA_Extracted_Full/Assets/_MX/SpineLobbies/CH0319_home
CH0319_home,1,CH0319_home,/home/augus/BA_MemorialLobby/characters/CH0319_home_1_data.tres,/home/augus/BA_Extracted_Full/Assets/_MX/SpineLobbies/CH0319_home
CH0319_home,2,CH0319_home,/home/augus/BA_MemorialLobby/characters/CH0319_home_2_data.tres,/home/augus/BA_Extracted_Full/Assets/_MX/SpineLobbies/CH0319_home
CH0319_home,3,CH0319_home,/home/augus/BA_MemorialLobby/characters/CH0319_home_3_data.tres,/home/augus/BA_Extracted_Full/Assets/_MX/SpineLobbies/CH0319_home
CH0325_home,0,CH0325_home,/home/augus/BA_MemorialLobby/characters/CH0325_home_data.tres,/home/augus/BA_Extracted_Full/Assets/_MX/SpineLobbies/CH0325_home
CH0325_home,1,CH0325_home,/home/augus/BA_MemorialLobby/characters/CH0325_home_1_data.tres,/home/augus/BA_Extracted_Full/Assets/_MX/SpineLobbies/CH0325_home
CH0325_home,2,CH0325_home,/home/augus/BA_MemorialLobby/characters/CH0325_home_2_data.tres,/home/augus/BA_Extracted_Full/Assets/_MX/SpineLobbies/CH0325_home
CH0325_home,3,CH0325_home,/home/augus/BA_MemorialLobby/characters/CH0325_home_3_data.tres,/home/augus/BA_Extracted_Full/Assets/_MX/SpineLobbies/CH0325_home
CH0326_home,0,CH0326_home,/home/augus/BA_MemorialLobby/characters/CH0326_home_data.tres,/home/augus/BA_Extracted_Full/Assets/_MX/SpineLobbies/CH0326_home
CH0326_home,1,CH0326_home,/home/augus/BA_MemorialLobby/characters/CH0326_home_1_data.tres,/home/augus/BA_Extracted_Full/Assets/_MX/SpineLobbies/CH0326_home
CH0326_home,2,CH0326_home,/home/augus/BA_MemorialLobby/characters/CH0326_home_2_data.tres,/home/augus/BA_Extracted_Full/Assets/_MX/SpineLobbies/CH0326_home
CH0326_home,3,CH0326_home,/home/augus/BA_MemorialLobby/characters/CH0326_home_3_data.tres,/home/augus/BA_Extracted_Full/Assets/_MX/SpineLobbies/CH0326_home
CH0331_home,0,CH0331_home,/home/augus/BA_MemorialLobby/characters/CH0331_home_data.tres,/home/augus/BA_Extracted_Full/Assets/_MX/SpineLobbies/CH0331_home
CH0331_home,1,CH0331_home,/home/augus/BA_MemorialLobby/characters/CH0331_home_1_data.tres,/home/augus/BA_Extracted_Full/Assets/_MX/SpineLobbies/CH0331_home
CH0331_home,2,CH0331_home,/home/augus/BA_MemorialLobby/characters/CH0331_home_2_data.tres,/home/augus/BA_Extracted_Full/Assets/_MX/SpineLobbies/CH0331_home
CH0331_home,3,CH0331_home,/home/augus/BA_MemorialLobby/characters/CH0331_home_3_data.tres,/home/augus/BA_Extracted_Full/Assets/_MX/SpineLobbies/CH0331_home
CH0332_home,0,CH0332_home,/home/augus/BA_MemorialLobby/characters/CH0332_home_data.tres,/home/augus/BA_Extracted_Full/Assets/_MX/SpineLobbies/CH0332_home
CH0332_home,1,CH0332_home,/home/augus/BA_MemorialLobby/characters/CH0332_home_1_data.tres,/home/augus/BA_Extracted_Full/Assets/_MX/SpineLobbies/CH0332_home
CH0332_home,2,CH0332_home,/home/augus/BA_MemorialLobby/characters/CH0332_home_2_data.tres,/home/augus/BA_Extracted_Full/Assets/_MX/SpineLobbies/CH0332_home
CH0332_home,3,CH0332_home,/home/augus/BA_MemorialLobby/characters/CH0332_home_3_data.tres,/home/augus/BA_Extracted_Full/Assets/_MX/SpineLobbies/CH0332_home
CH0333_home,0,CH0333_home,/home/augus/BA_MemorialLobby/characters/CH0333_home_data.tres,/home/augus/BA_Extracted_Full/Assets/_MX/SpineLobbies/CH0333_home
CH0333_home,1,CH0333_home,/home/augus/BA_MemorialLobby/characters/CH0333_home_1_data.tres,/home/augus/BA_Extracted_Full/Assets/_MX/SpineLobbies/CH0333_home
CH0333_home,2,CH0333_home,/home/augus/BA_MemorialLobby/characters/CH0333_home_2_data.tres,/home/augus/BA_Extracted_Full/Assets/_MX/SpineLobbies/CH0333_home
CH0333_home,3,CH0333_home,/home/augus/BA_MemorialLobby/characters/CH0333_home_3_data.tres,/home/augus/BA_Extracted_Full/Assets/_MX/SpineLobbies/CH0333_home
CH0334_home,0,CH0334_home,/home/augus/BA_MemorialLobby/characters/CH0334_home_data.tres,/home/augus/BA_Extracted_Full/Assets/_MX/SpineLobbies/CH0334_home
CH0334_home,1,CH0334_home,/home/augus/BA_MemorialLobby/characters/CH0334_home_1_data.tres,/home/augus/BA_Extracted_Full/Assets/_MX/SpineLobbies/CH0334_home
CH0334_home,2,CH0334_home,/home/augus/BA_MemorialLobby/characters/CH0334_home_2_data.tres,/home/augus/BA_Extracted_Full/Assets/_MX/SpineLobbies/CH0334_home
CH0334_home,3,CH0334_home,/home/augus/BA_MemorialLobby/characters/CH0334_home_3_data.tres,/home/augus/BA_Extracted_Full/Assets/_MX/SpineLobbies/CH0334_home
CH0335_home,0,CH0335_home,/home/augus/BA_MemorialLobby/characters/CH0335_home_data.tres,/home/augus/BA_Extracted_Full/Assets/_MX/SpineLobbies/CH0335_home
CH0335_home,1,CH0335_home,/home/augus/BA_MemorialLobby/characters/CH0335_home_1_data.tres,/home/augus/BA_Extracted_Full/Assets/_MX/SpineLobbies/CH0335_home
CH0335_home,2,CH0335_home,/home/augus/BA_MemorialLobby/characters/CH0335_home_2_data.tres,/home/augus/BA_Extracted_Full/Assets/_MX/SpineLobbies/CH0335_home
CH0335_home,3,CH0335_home,/home/augus/BA_MemorialLobby/characters/CH0335_home_3_data.tres,/home/augus/BA_Extracted_Full/Assets/_MX/SpineLobbies/CH0335_home
CH0336_home,0,CH0336_home,/home/augus/BA_MemorialLobby/characters/CH0336_home_data.tres,/home/augus/BA_Extracted_Full/Assets/_MX/SpineLobbies/CH0336_home
CH0336_home,1,CH0336_home,/home/augus/BA_MemorialLobby/characters/CH0336_home_1_data.tres,/home/augus/BA_Extracted_Full/Assets/_MX/SpineLobbies/CH0336_home
CH0336_home,2,CH0336_home,/home/augus/BA_MemorialLobby/characters/CH0336_home_2_data.tres,/home/augus/BA_Extracted_Full/Assets/_MX/SpineLobbies/CH0336_home
CH0336_home,3,CH0336_home,/home/augus/BA_MemorialLobby/characters/CH0336_home_3_data.tres,/home/augus/BA_Extracted_Full/Assets/_MX/SpineLobbies/CH0336_home
CH0337_home,0,CH0337_home,/home/augus/BA_MemorialLobby/characters/CH0337_home_data.tres,/home/augus/BA_Extracted_Full/Assets/_MX/SpineLobbies/CH0337_home
CH0337_home,1,CH0337_home,/home/augus/BA_MemorialLobby/characters/CH0337_home_1_data.tres,/home/augus/BA_Extracted_Full/Assets/_MX/SpineLobbies/CH0337_home
CH0337_home,2,CH0337_home,/home/augus/BA_MemorialLobby/characters/CH0337_home_2_data.tres,/home/augus/BA_Extracted_Full/Assets/_MX/SpineLobbies/CH0337_home
CH0337_home,3,CH0337_home,/home/augus/BA_MemorialLobby/characters/CH0337_home_3_data.tres,/home/augus/BA_Extracted_Full/Assets/_MX/SpineLobbies/CH0337_home
CH9997_home,0,CH9997_home,/home/augus/BA_MemorialLobby/characters/CH9997_home_data.tres,/home/augus/BA_Extracted_Full/Assets/_MX/SpineLobbies/CH9997_home
CH9997_home,1,CH9997_home,/home/augus/BA_MemorialLobby/characters/CH9997_home_1_data.tres,/home/augus/BA_Extracted_Full/Assets/_MX/SpineLobbies/CH9997_home
CH9997_home,2,CH9997_home,/home/augus/BA_MemorialLobby/characters/CH9997_home_2_data.tres,/home/augus/BA_Extracted_Full/Assets/_MX/SpineLobbies/CH9997_home
CH9997_home,3,CH9997_home,/home/augus/BA_MemorialLobby/characters/CH9997_home_3_data.tres,/home/augus/BA_Extracted_Full/Assets/_MX/SpineLobbies/CH9997_home
CH9998_home,0,CH9998_home,/home/augus/BA_MemorialLobby/characters/CH9998_home_data.tres,/home/augus/BA_Extracted_Full/Assets/_MX/SpineLobbies/CH9998_home
CH9998_home,1,CH9998_home,/home/augus/BA_MemorialLobby/characters/CH9998_home_1_data.tres,/home/augus/BA_Extracted_Full/Assets/_MX/SpineLobbies/CH9998_home
CH9998_home,2,CH9998_home,/home/augus/BA_MemorialLobby/characters/CH9998_home_2_data.tres,/home/augus/BA_Extracted_Full/Assets/_MX/SpineLobbies/CH9998_home
CH9998_home,3,CH9998_home,/home/augus/BA_MemorialLobby/characters/CH9998_home_3_data.tres,/home/augus/BA_Extracted_Full/Assets/_MX/SpineLobbies/CH9998_home
CH9999_home,0,CH9999_home,/home/augus/BA_MemorialLobby/characters/CH9999_home_data.tres,/home/augus/BA_Extracted_Full/Assets/_MX/SpineLobbies/CH9999_home
CH9999_home,1,CH9999_home,/home/augus/BA_MemorialLobby/characters/CH9999_home_1_data.tres,/home/augus/BA_Extracted_Full/Assets/_MX/SpineLobbies/CH9999_home
CH9999_home,2,CH9999_home,/home/augus/BA_MemorialLobby/characters/CH9999_home_2_data.tres,/home/augus/BA_Extracted_Full/Assets/_MX/SpineLobbies/CH9999_home
CH9999_home,3,CH9999_home,/home/augus/BA_MemorialLobby/characters/CH9999_home_3_data.tres,/home/augus/BA_Extracted_Full/Assets/_MX/SpineLobbies/CH9999_home
Cherino_home,0,Cherino_home,/home/augus/BA_MemorialLobby/characters/Cherino_home_data.tres,/home/augus/BA_Extracted_Full/Assets/_MX/SpineLobbies/Cherino_home
Cherino_home,1,Cherino_home,/home/augus/BA_MemorialLobby/characters/Cherino_home_1_data.tres,/home/augus/BA_Extracted_Full/Assets/_MX/SpineLobbies/Cherino_home
Cherino_home,2,Cherino_home,/home/augus/BA_MemorialLobby/characters/Cherino_home_2_data.tres,/home/augus/BA_Extracted_Full/Assets/_MX/SpineLobbies/Cherino_home
Cherino_home,3,Cherino_home,/home/augus/BA_MemorialLobby/characters/Cherino_home_3_data.tres,/home/augus/BA_Extracted_Full/Assets/_MX/SpineLobbies/Cherino_home
Chinatsu_home,0,Chinatsu_home,/home/augus/BA_MemorialLobby/characters/Chinatsu_home_data.tres,/home/augus/BA_Extracted_Full/Assets/_MX/SpineLobbies/Chinatsu_home
Chinatsu_home,1,Chinatsu_home,/home/augus/BA_MemorialLobby/characters/Chinatsu_home_1_data.tres,/home/augus/BA_Extracted_Full/Assets/_MX/SpineLobbies/Chinatsu_home
Chinatsu_home,2,Chinatsu_home,/home/augus/BA_MemorialLobby/characters/Chinatsu_home_2_data.tres,/home/augus/BA_Extracted_Full/Assets/_MX/SpineLobbies/Chinatsu_home
Chinatsu_home,3,Chinatsu_home,/home/augus/BA_MemorialLobby/characters/Chinatsu_home_3_data.tres,/home/augus/BA_Extracted_Full/Assets/_MX/SpineLobbies/Chinatsu_home
Chise_home,0,Chise_home,/home/augus/BA_MemorialLobby/characters/Chise_home_data.tres,/home/augus/BA_Extracted_Full/Assets/_MX/SpineLobbies/Chise_home
Chise_home,1,Chise_home,/home/augus/BA_MemorialLobby/characters/Chise_home_1_data.tres,/home/augus/BA_Extracted_Full/Assets/_MX/SpineLobbies/Chise_home
Chise_home,2,Chise_home,/home/augus/BA_MemorialLobby/characters/Chise_home_2_data.tres,/home/augus/BA_Extracted_Full/Assets/_MX/SpineLobbies/Chise_home
Chise_home,3,Chise_home,/home/augus/BA_MemorialLobby/characters/Chise_home_3_data.tres,/home/augus/BA_Extracted_Full/Assets/_MX/SpineLobbies/Chise_home
Eimi_home,0,Eimi_home,/home/augus/BA_MemorialLobby/characters/Eimi_home_data.tres,/home/augus/BA_Extracted_Full/Assets/_MX/SpineLobbies/Eimi_home
Eimi_home,1,Eimi_home,/home/augus/BA_MemorialLobby/characters/Eimi_home_1_data.tres,/home/augus/BA_Extracted_Full/Assets/_MX/SpineLobbies/Eimi_home
Eimi_home,2,Eimi_home,/home/augus/BA_MemorialLobby/characters/Eimi_home_2_data.tres,/home/augus/BA_Extracted_Full/Assets/_MX/SpineLobbies/Eimi_home
Eimi_home,3,Eimi_home,/home/augus/BA_MemorialLobby/characters/Eimi_home_3_data.tres,/home/augus/BA_Extracted_Full/Assets/_MX/SpineLobbies/Eimi_home
Hanae_home,0,Hanae_home,/home/augus/BA_MemorialLobby/characters/Hanae_home_data.tres,/home/augus/BA_Extracted_Full/Assets/_MX/SpineLobbies/Hanae_home
Hanae_home,1,Hanae_home,/home/augus/BA_MemorialLobby/characters/Hanae_home_1_data.tres,/home/augus/BA_Extracted_Full/Assets/_MX/SpineLobbies/Hanae_home
Hanae_home,2,Hanae_home,/home/augus/BA_MemorialLobby/characters/Hanae_home_2_data.tres,/home/augus/BA_Extracted_Full/Assets/_MX/SpineLobbies/Hanae_home
Hanae_home,3,Hanae_home,/home/augus/BA_MemorialLobby/characters/Hanae_home_3_data.tres,/home/augus/BA_Extracted_Full/Assets/_MX/SpineLobbies/Hanae_home
Hanako_home,0,Hanako_home,/home/augus/BA_MemorialLobby/characters/Hanako_home_data.tres,/home/augus/BA_Extracted_Full/Assets/_MX/SpineLobbies/Hanako_home
Hanako_home,1,Hanako_home,/home/augus/BA_MemorialLobby/characters/Hanako_home_1_data.tres,/home/augus/BA_Extracted_Full/Assets/_MX/SpineLobbies/Hanako_home
Hanako_home,2,Hanako_home,/home/augus/BA_MemorialLobby/characters/Hanako_home_2_data.tres,/home/augus/BA_Extracted_Full/Assets/_MX/SpineLobbies/Hanako_home
Hanako_home,3,Hanako_home,/home/augus/BA_MemorialLobby/characters/Hanako_home_3_data.tres,/home/augus/BA_Extracted_Full/Assets/_MX/SpineLobbies/Hanako_home
Hare_home,0,Hare_home,/home/augus/BA_MemorialLobby/characters/Hare_home_data.tres,/home/augus/BA_Extracted_Full/Assets/_MX/SpineLobbies/Hare_home
Hare_home,1,Hare_home,/home/augus/BA_MemorialLobby/characters/Hare_home_1_data.tres,/home/augus/BA_Extracted_Full/Assets/_MX/SpineLobbies/Hare_home
Hare_home,2,Hare_home,/home/augus/BA_MemorialLobby/characters/Hare_home_2_data.tres,/home/augus/BA_Extracted_Full/Assets/_MX/SpineLobbies/Hare_home
Hare_home,3,Hare_home,/home/augus/BA_MemorialLobby/characters/Hare_home_3_data.tres,/home/augus/BA_Extracted_Full/Assets/_MX/SpineLobbies/Hare_home
Haruka_home,0,Haruka_home,/home/augus/BA_MemorialLobby/characters/Haruka_home_data.tres,/home/augus/BA_Extracted_Full/Assets/_MX/SpineLobbies/Haruka_home
Haruka_home,1,Haruka_home,/home/augus/BA_MemorialLobby/characters/Haruka_home_1_data.tres,/home/augus/BA_Extracted_Full/Assets/_MX/SpineLobbies/Haruka_home
Haruka_home,2,Haruka_home,/home/augus/BA_MemorialLobby/characters/Haruka_home_2_data.tres,/home/augus/BA_Extracted_Full/Assets/_MX/SpineLobbies/Haruka_home
Haruka_home,3,Haruka_home,/home/augus/BA_MemorialLobby/characters/Haruka_home_3_data.tres,/home/augus/BA_Extracted_Full/Assets/_MX/SpineLobbies/Haruka_home
Haruna_home,0,Haruna_home,/home/augus/BA_MemorialLobby/characters/Haruna_home_data.tres,/home/augus/BA_Extracted_Full/Assets/_MX/SpineLobbies/Haruna_home
Haruna_home,1,Haruna_home,/home/augus/BA_MemorialLobby/characters/Haruna_home_1_data.tres,/home/augus/BA_Extracted_Full/Assets/_MX/SpineLobbies/Haruna_home
Haruna_home,2,Haruna_home,/home/augus/BA_MemorialLobby/characters/Haruna_home_2_data.tres,/home/augus/BA_Extracted_Full/Assets/_MX/SpineLobbies/Haruna_home
Haruna_home,3,Haruna_home,/home/augus/BA_MemorialLobby/characters/Haruna_home_3_data.tres,/home/augus/BA_Extracted_Full/Assets/_MX/SpineLobbies/Haruna_home
Hasumi_home,0,Hasumi_home,/home/augus/BA_MemorialLobby/characters/Hasumi_home_data.tres,/home/augus/BA_Extracted_Full/Assets/_MX/SpineLobbies/Hasumi_home
Hasumi_home,1,Hasumi_home,/home/augus/BA_MemorialLobby/characters/Hasumi_home_1_data.tres,/home/augus/BA_Extracted_Full/Assets/_MX/SpineLobbies/Hasumi_home
Hasumi_home,2,Hasumi_home,/home/augus/BA_MemorialLobby/characters/Hasumi_home_2_data.tres,/home/augus/BA_Extracted_Full/Assets/_MX/SpineLobbies/Hasumi_home
Hasumi_home,3,Hasumi_home,/home/augus/BA_MemorialLobby/characters/Hasumi_home_3_data.tres,/home/augus/BA_Extracted_Full/Assets/_MX/SpineLobbies/Hasumi_home
Hibiki_home,0,Hibiki_home,/home/augus/BA_MemorialLobby/characters/Hibiki_home_data.tres,/home/augus/BA_Extracted_Full/Assets/_MX/SpineLobbies/Hibiki_home
Hibiki_home,1,Hibiki_home,/home/augus/BA_MemorialLobby/characters/Hibiki_home_1_data.tres,/home/augus/BA_Extracted_Full/Assets/_MX/SpineLobbies/Hibiki_home
Hibiki_home,2,Hibiki_home,/home/augus/BA_MemorialLobby/characters/Hibiki_home_2_data.tres,/home/augus/BA_Extracted_Full/Assets/_MX/SpineLobbies/Hibiki_home
Hibiki_home,3,Hibiki_home,/home/augus/BA_MemorialLobby/characters/Hibiki_home_3_data.tres,/home/augus/BA_Extracted_Full/Assets/_MX/SpineLobbies/Hibiki_home
Hihumi_home,0,Hihumi_home,/home/augus/BA_MemorialLobby/characters/Hihumi_home_data.tres,/home/augus/BA_Extracted_Full/Assets/_MX/SpineLobbies/Hihumi_home
Hihumi_home,1,Hihumi_home,/home/augus/BA_MemorialLobby/characters/Hihumi_home_1_data.tres,/home/augus/BA_Extracted_Full/Assets/_MX/SpineLobbies/Hihumi_home
Hihumi_home,2,Hihumi_home,/home/augus/BA_MemorialLobby/characters/Hihumi_home_2_data.tres,/home/augus/BA_Extracted_Full/Assets/_MX/SpineLobbies/Hihumi_home
Hihumi_home,3,Hihumi_home,/home/augus/BA_MemorialLobby/characters/Hihumi_home_3_data.tres,/home/augus/BA_Extracted_Full/Assets/_MX/SpineLobbies/Hihumi_home
Hina_home,0,Hina_home,/home/augus/BA_MemorialLobby/characters/Hina_home_data.tres,/home/augus/BA_Extracted_Full/Assets/_MX/SpineLobbies/Hina_home
Hina_home,1,Hina_home,/home/augus/BA_MemorialLobby/characters/Hina_home_1_data.tres,/home/augus/BA_Extracted_Full/Assets/_MX/SpineLobbies/Hina_home
Hina_home,2,Hina_home,/home/augus/BA_MemorialLobby/characters/Hina_home_2_data.tres,/home/augus/BA_Extracted_Full/Assets/_MX/SpineLobbies/Hina_home
Hina_home,3,Hina_home,/home/augus/BA_MemorialLobby/characters/Hina_home_3_data.tres,/home/augus/BA_Extracted_Full/Assets/_MX/SpineLobbies/Hina_home
Hinata_home,0,Hinata_home,/home/augus/BA_MemorialLobby/characters/Hinata_home_data.tres,/home/augus/BA_Extracted_Full/Assets/_MX/SpineLobbies/Hinata_home
Hinata_home,1,Hinata_home,/home/augus/BA_MemorialLobby/characters/Hinata_home_1_data.tres,/home/augus/BA_Extracted_Full/Assets/_MX/SpineLobbies/Hinata_home
Hinata_home,2,Hinata_home,/home/augus/BA_MemorialLobby/characters/Hinata_home_2_data.tres,/home/augus/BA_Extracted_Full/Assets/_MX/SpineLobbies/Hinata_home
Hinata_home,3,Hinata_home,/home/augus/BA_MemorialLobby/characters/Hinata_home_3_data.tres,/home/augus/BA_Extracted_Full/Assets/_MX/SpineLobbies/Hinata_home
Hiyori_home,0,Hiyori_home,/home/augus/BA_MemorialLobby/characters/Hiyori_home_data.tres,/home/augus/BA_Extracted_Full/Assets/_MX/SpineLobbies/Hiyori_home
Hiyori_home,1,Hiyori_home,/home/augus/BA_MemorialLobby/characters/Hiyori_home_1_data.tres,/home/augus/BA_Extracted_Full/Assets/_MX/SpineLobbies/Hiyori_home
Hiyori_home,2,Hiyori_home,/home/augus/BA_MemorialLobby/characters/Hiyori_home_2_data.tres,/home/augus/BA_Extracted_Full/Assets/_MX/SpineLobbies/Hiyori_home
Hiyori_home,3,Hiyori_home,/home/augus/BA_MemorialLobby/characters/Hiyori_home_3_data.tres,/home/augus/BA_Extracted_Full/Assets/_MX/SpineLobbies/Hiyori_home
Hoshino_swimsuit_home,0,Hoshino_swimsuit_home,/home/augus/BA_MemorialLobby/characters/Hoshino_swimsuit_home_data.tres,/home/augus/BA_Extracted_Full/Assets/_MX/SpineLobbies/Hoshino_swimsuit_home
Hoshino_swimsuit_home,1,Hoshino_swimsuit_home,/home/augus/BA_MemorialLobby/characters/Hoshino_swimsuit_home_1_data.tres,/home/augus/BA_Extracted_Full/Assets/_MX/SpineLobbies/Hoshino_swimsuit_home
Hoshino_swimsuit_home,2,Hoshino_swimsuit_home,/home/augus/BA_MemorialLobby/characters/Hoshino_swimsuit_home_2_data.tres,/home/augus/BA_Extracted_Full/Assets/_MX/SpineLobbies/Hoshino_swimsuit_home
Hoshino_swimsuit_home,3,Hoshino_swimsuit_home,/home/augus/BA_MemorialLobby/characters/Hoshino_swimsuit_home_3_data.tres,/home/augus/BA_Extracted_Full/Assets/_MX/SpineLobbies/Hoshino_swimsuit_home
Ibuki_home,0,Ibuki_home,/home/augus/BA_MemorialLobby/characters/Ibuki_home_data.tres,/home/augus/BA_Extracted_Full/Assets/_MX/SpineLobbies/Ibuki_home
Ibuki_home,1,Ibuki_home,/home/augus/BA_MemorialLobby/characters/Ibuki_home_1_data.tres,/home/augus/BA_Extracted_Full/Assets/_MX/SpineLobbies/Ibuki_home
Ibuki_home,2,Ibuki_home,/home/augus/BA_MemorialLobby/characters/Ibuki_home_2_data.tres,/home/augus/BA_Extracted_Full/Assets/_MX/SpineLobbies/Ibuki_home
Ibuki_home,3,Ibuki_home,/home/augus/BA_MemorialLobby/characters/Ibuki_home_3_data.tres,/home/augus/BA_Extracted_Full/Assets/_MX/SpineLobbies/Ibuki_home
Iori_home,0,Iori_home,/home/augus/BA_MemorialLobby/characters/Iori_home_data.tres,/home/augus/BA_Extracted_Full/Assets/_MX/SpineLobbies/Iori_home
Iori_home,1,Iori_home,/home/augus/BA_MemorialLobby/characters/Iori_home_1_data.tres,/home/augus/BA_Extracted_Full/Assets/_MX/SpineLobbies/Iori_home
Iori_home,2,Iori_home,/home/augus/BA_MemorialLobby/characters/Iori_home_2_data.tres,/home/augus/BA_Extracted_Full/Assets/_MX/SpineLobbies/Iori_home
Iori_home,3,Iori_home,/home/augus/BA_MemorialLobby/characters/Iori_home_3_data.tres,/home/augus/BA_Extracted_Full/Assets/_MX/SpineLobbies/Iori_home
Izumi_home,0,Izumi_home,/home/augus/BA_MemorialLobby/characters/Izumi_home_data.tres,/home/augus/BA_Extracted_Full/Assets/_MX/SpineLobbies/Izumi_home
Izumi_home,1,Izumi_home,/home/augus/BA_MemorialLobby/characters/Izumi_home_1_data.tres,/home/augus/BA_Extracted_Full/Assets/_MX/SpineLobbies/Izumi_home
Izumi_home,2,Izumi_home,/home/augus/BA_MemorialLobby/characters/Izumi_home_2_data.tres,/home/augus/BA_Extracted_Full/Assets/_MX/SpineLobbies/Izumi_home
Izumi_home,3,Izumi_home,/home/augus/BA_MemorialLobby/characters/Izumi_home_3_data.tres,/home/augus/BA_Extracted_Full/Assets/_MX/SpineLobbies/Izumi_home
Izumi_swimsuit_home,0,Izumi_swimsuit_home,/home/augus/BA_MemorialLobby/characters/Izumi_swimsuit_home_data.tres,/home/augus/BA_Extracted_Full/Assets/_MX/SpineLobbies/Izumi_swimsuit_home
Izumi_swimsuit_home,1,Izumi_swimsuit_home,/home/augus/BA_MemorialLobby/characters/Izumi_swimsuit_home_1_data.tres,/home/augus/BA_Extracted_Full/Assets/_MX/SpineLobbies/Izumi_swimsuit_home
Izumi_swimsuit_home,2,Izumi_swimsuit_home,/home/augus/BA_MemorialLobby/characters/Izumi_swimsuit_home_2_data.tres,/home/augus/BA_Extracted_Full/Assets/_MX/SpineLobbies/Izumi_swimsuit_home
Izumi_swimsuit_home,3,Izumi_swimsuit_home,/home/augus/BA_MemorialLobby/characters/Izumi_swimsuit_home_3_data.tres,/home/augus/BA_Extracted_Full/Assets/_MX/SpineLobbies/Izumi_swimsuit_home
Izumi_swimsuit_home_Teen,0,Izumi_swimsuit_home_Teen,/home/augus/BA_MemorialLobby/characters/Izumi_swimsuit_home_Teen_data.tres,/home/augus/BA_Extracted_Full/Assets/_MX/SpineLobbies/Izumi_swimsuit_home_Teen
Izumi_swimsuit_home_Teen,1,Izumi_swimsuit_home_Teen,/home/augus/BA_MemorialLobby/characters/Izumi_swimsuit_home_Teen_1_data.tres,/home/augus/BA_Extracted_Full/Assets/_MX/SpineLobbies/Izumi_swimsuit_home_Teen
Izumi_swimsuit_home_Teen,2,Izumi_swimsuit_home_Teen,/home/augus/BA_MemorialLobby/characters/Izumi_swimsuit_home_Teen_2_data.tres,/home/augus/BA_Extracted_Full/Assets/_MX/SpineLobbies/Izumi_swimsuit_home_Teen
Izumi_swimsuit_home_Teen,3,Izumi_swimsuit_home_Teen,/home/augus/BA_MemorialLobby/characters/Izumi_swimsuit_home_Teen_3_data.tres,/home/augus/BA_Extracted_Full/Assets/_MX/SpineLobbies/Izumi_swimsuit_home_Teen
Izuna_home,0,Izuna_home,/home/augus/BA_MemorialLobby/characters/Izuna_home_data.tres,/home/augus/BA_Extracted_Full/Assets/_MX/SpineLobbies/Izuna_home
Izuna_home,1,Izuna_home,/home/augus/BA_MemorialLobby/characters/Izuna_home_1_data.tres,/home/augus/BA_Extracted_Full/Assets/_MX/SpineLobbies/Izuna_home
Izuna_home,2,Izuna_home,/home/augus/BA_MemorialLobby/characters/Izuna_home_2_data.tres,/home/augus/BA_Extracted_Full/Assets/_MX/SpineLobbies/Izuna_home
Izuna_home,3,Izuna_home,/home/augus/BA_MemorialLobby/characters/Izuna_home_3_data.tres,/home/augus/BA_Extracted_Full/Assets/_MX/SpineLobbies/Izuna_home
Kaede_home,0,Kaede_home,/home/augus/BA_MemorialLobby/characters/Kaede_home_data.tres,/home/augus/BA_Extracted_Full/Assets/_MX/SpineLobbies/Kaede_home
Kaede_home,1,Kaede_home,/home/augus/BA_MemorialLobby/characters/Kaede_home_1_data.tres,/home/augus/BA_Extracted_Full/Assets/_MX/SpineLobbies/Kaede_home
Kaede_home,2,Kaede_home,/home/augus/BA_MemorialLobby/characters/Kaede_home_2_data.tres,/home/augus/BA_Extracted_Full/Assets/_MX/SpineLobbies/Kaede_home
Kaede_home,3,Kaede_home,/home/augus/BA_MemorialLobby/characters/Kaede_home_3_data.tres,/home/augus/BA_Extracted_Full/Assets/_MX/SpineLobbies/Kaede_home
Karin_home,0,Karin_home,/home/augus/BA_MemorialLobby/characters/Karin_home_data.tres,/home/augus/BA_Extracted_Full/Assets/_MX/SpineLobbies/Karin_home
Karin_home,1,Karin_home,/home/augus/BA_MemorialLobby/characters/Karin_home_1_data.tres,/home/augus/BA_Extracted_Full/Assets/_MX/SpineLobbies/Karin_home
Karin_home,2,Karin_home,/home/augus/BA_MemorialLobby/characters/Karin_home_2_data.tres,/home/augus/BA_Extracted_Full/Assets/_MX/SpineLobbies/Karin_home
Karin_home,3,Karin_home,/home/augus/BA_MemorialLobby/characters/Karin_home_3_data.tres,/home/augus/BA_Extracted_Full/Assets/_MX/SpineLobbies/Karin_home
Kayoko_home,0,Kayoko_home,/home/augus/BA_MemorialLobby/characters/Kayoko_home_data.tres,/home/augus/BA_Extracted_Full/Assets/_MX/SpineLobbies/Kayoko_home
Kayoko_home,1,Kayoko_home,/home/augus/BA_MemorialLobby/characters/Kayoko_home_1_data.tres,/home/augus/BA_Extracted_Full/Assets/_MX/SpineLobbies/Kayoko_home
Kayoko_home,2,Kayoko_home,/home/augus/BA_MemorialLobby/characters/Kayoko_home_2_data.tres,/home/augus/BA_Extracted_Full/Assets/_MX/SpineLobbies/Kayoko_home
Kayoko_home,3,Kayoko_home,/home/augus/BA_MemorialLobby/characters/Kayoko_home_3_data.tres,/home/augus/BA_Extracted_Full/Assets/_MX/SpineLobbies/Kayoko_home
Kirara_home,0,Kirara_home,/home/augus/BA_MemorialLobby/characters/Kirara_home_data.tres,/home/augus/BA_Extracted_Full/Assets/_MX/SpineLobbies/Kirara_home
Kirara_home,1,Kirara_home,/home/augus/BA_MemorialLobby/characters/Kirara_home_1_data.tres,/home/augus/BA_Extracted_Full/Assets/_MX/SpineLobbies/Kirara_home
Kirara_home,2,Kirara_home,/home/augus/BA_MemorialLobby/characters/Kirara_home_2_data.tres,/home/augus/BA_Extracted_Full/Assets/_MX/SpineLobbies/Kirara_home
Kirara_home,3,Kirara_home,/home/augus/BA_MemorialLobby/characters/Kirara_home_3_data.tres,/home/augus/BA_Extracted_Full/Assets/_MX/SpineLobbies/Kirara_home
Koharu_home,0,Koharu_home,/home/augus/BA_MemorialLobby/characters/Koharu_home_data.tres,/home/augus/BA_Extracted_Full/Assets/_MX/SpineLobbies/Koharu_home
Koharu_home,1,Koharu_home,/home/augus/BA_MemorialLobby/characters/Koharu_home_1_data.tres,/home/augus/BA_Extracted_Full/Assets/_MX/SpineLobbies/Koharu_home
Koharu_home,2,Koharu_home,/home/augus/BA_MemorialLobby/characters/Koharu_home_2_data.tres,/home/augus/BA_Extracted_Full/Assets/_MX/SpineLobbies/Koharu_home
Koharu_home,3,Koharu_home,/home/augus/BA_MemorialLobby/characters/Koharu_home_3_data.tres,/home/augus/BA_Extracted_Full/Assets/_MX/SpineLobbies/Koharu_home
Kotama_home,0,Kotama_home,/home/augus/BA_MemorialLobby/characters/Kotama_home_data.tres,/home/augus/BA_Extracted_Full/Assets/_MX/SpineLobbies/Kotama_home
Kotama_home,1,Kotama_home,/home/augus/BA_MemorialLobby/characters/Kotama_home_1_data.tres,/home/augus/BA_Extracted_Full/Assets/_MX/SpineLobbies/Kotama_home
Kotama_home,2,Kotama_home,/home/augus/BA_MemorialLobby/characters/Kotama_home_2_data.tres,/home/augus/BA_Extracted_Full/Assets/_MX/SpineLobbies/Kotama_home
Kotama_home,3,Kotama_home,/home/augus/BA_MemorialLobby/characters/Kotama_home_3_data.tres,/home/augus/BA_Extracted_Full/Assets/_MX/SpineLobbies/Kotama_home
Kotori_home,0,Kotori_home,/home/augus/BA_MemorialLobby/characters/Kotori_home_data.tres,/home/augus/BA_Extracted_Full/Assets/_MX/SpineLobbies/Kotori_home
Kotori_home,1,Kotori_home,/home/augus/BA_MemorialLobby/characters/Kotori_home_1_data.tres,/home/augus/BA_Extracted_Full/Assets/_MX/SpineLobbies/Kotori_home
Kotori_home,2,Kotori_home,/home/augus/BA_MemorialLobby/characters/Kotori_home_2_data.tres,/home/augus/BA_Extracted_Full/Assets/_MX/SpineLobbies/Kotori_home
Kotori_home,3,Kotori_home,/home/augus/BA_MemorialLobby/characters/Kotori_home_3_data.tres,/home/augus/BA_Extracted_Full/Assets/_MX/SpineLobbies/Kotori_home
LobbyAyane_multi,0,LobbyAyane_multi,/home/augus/BA_MemorialLobby/characters/LobbyAyane_multi_data.tres,/home/augus/BA_Extracted_Full/Assets/_MX/SpineLobbies/LobbyAyane_multi
LobbyAyane_multi,1,LobbyAyane_multi,/home/augus/BA_MemorialLobby/characters/LobbyAyane_multi_1_data.tres,/home/augus/BA_Extracted_Full/Assets/_MX/SpineLobbies/LobbyAyane_multi
LobbyAyane_multi,2,LobbyAyane_multi,/home/augus/BA_MemorialLobby/characters/LobbyAyane_multi_2_data.tres,/home/augus/BA_Extracted_Full/Assets/_MX/SpineLobbies/LobbyAyane_multi
LobbyAyane_multi,3,LobbyAyane_multi,/home/augus/BA_MemorialLobby/characters/LobbyAyane_multi_3_data.tres,/home/augus/BA_Extracted_Full/Assets/_MX/SpineLobbies/LobbyAyane_multi
LobbyHoshino_multi,0,LobbyHoshino_multi,/home/augus/BA_MemorialLobby/characters/LobbyHoshino_multi_data.tres,/home/augus/BA_Extracted_Full/Assets/_MX/SpineLobbies/LobbyHoshino_multi
LobbyHoshino_multi,1,LobbyHoshino_multi,/home/augus/BA_MemorialLobby/characters/LobbyHoshino_multi_1_data.tres,/home/augus/BA_Extracted_Full/Assets/_MX/SpineLobbies/LobbyHoshino_multi
LobbyHoshino_multi,2,LobbyHoshino_multi,/home/augus/BA_MemorialLobby/characters/LobbyHoshino_multi_2_data.tres,/home/augus/BA_Extracted_Full/Assets/_MX/SpineLobbies/LobbyHoshino_multi
LobbyHoshino_multi,3,LobbyHoshino_multi,/home/augus/BA_MemorialLobby/characters/LobbyHoshino_multi_3_data.tres,/home/augus/BA_Extracted_Full/Assets/_MX/SpineLobbies/LobbyHoshino_multi
LobbyNonomi_multi,0,LobbyNonomi_multi,/home/augus/BA_MemorialLobby/characters/LobbyNonomi_multi_data.tres,/home/augus/BA_Extracted_Full/Assets/_MX/SpineLobbies/LobbyNonomi_multi
LobbyNonomi_multi,1,LobbyNonomi_multi,/home/augus/BA_MemorialLobby/characters/LobbyNonomi_multi_1_data.tres,/home/augus/BA_Extracted_Full/Assets/_MX/SpineLobbies/LobbyNonomi_multi
LobbyNonomi_multi,2,LobbyNonomi_multi,/home/augus/BA_MemorialLobby/characters/LobbyNonomi_multi_2_data.tres,/home/augus/BA_Extracted_Full/Assets/_MX/SpineLobbies/LobbyNonomi_multi
LobbyNonomi_multi,3,LobbyNonomi_multi,/home/augus/BA_MemorialLobby/characters/LobbyNonomi_multi_3_data.tres,/home/augus/BA_Extracted_Full/Assets/_MX/SpineLobbies/LobbyNonomi_multi
LobbySerika_multi,0,LobbySerika_multi,/home/augus/BA_MemorialLobby/characters/LobbySerika_multi_data.tres,/home/augus/BA_Extracted_Full/Assets/_MX/SpineLobbies/LobbySerika_multi
LobbySerika_multi,1,LobbySerika_multi,/home/augus/BA_MemorialLobby/characters/LobbySerika_multi_1_data.tres,/home/augus/BA_Extracted_Full/Assets/_MX/SpineLobbies/LobbySerika_multi
LobbySerika_multi,2,LobbySerika_multi,/home/augus/BA_MemorialLobby/characters/LobbySerika_multi_2_data.tres,/home/augus/BA_Extracted_Full/Assets/_MX/SpineLobbies/LobbySerika_multi
LobbySerika_multi,3,LobbySerika_multi,/home/augus/BA_MemorialLobby/characters/LobbySerika_multi_3_data.tres,/home/augus/BA_Extracted_Full/Assets/_MX/SpineLobbies/LobbySerika_multi
LobbyShiroko_multi,0,LobbyShiroko_multi,/home/augus/BA_MemorialLobby/characters/LobbyShiroko_multi_data.tres,/home/augus/BA_Extracted_Full/Assets/_MX/SpineLobbies/LobbyShiroko_multi
LobbyShiroko_multi,1,LobbyShiroko_multi,/home/augus/BA_MemorialLobby/characters/LobbyShiroko_multi_1_data.tres,/home/augus/BA_Extracted_Full/Assets/_MX/SpineLobbies/LobbyShiroko_multi
LobbyShiroko_multi,2,LobbyShiroko_multi,/home/augus/BA_MemorialLobby/characters/LobbyShiroko_multi_2_data.tres,/home/augus/BA_Extracted_Full/Assets/_MX/SpineLobbies/LobbyShiroko_multi
LobbyShiroko_multi,3,LobbyShiroko_multi,/home/augus/BA_MemorialLobby/characters/LobbyShiroko_multi_3_data.tres,/home/augus/BA_Extracted_Full/Assets/_MX/SpineLobbies/LobbyShiroko_multi
Maki_home,0,Maki_home,/home/augus/BA_MemorialLobby/characters/Maki_home_data.tres,/home/augus/BA_Extracted_Full/Assets/_MX/SpineLobbies/Maki_home
Maki_home,1,Maki_home,/home/augus/BA_MemorialLobby/characters/Maki_home_1_data.tres,/home/augus/BA_Extracted_Full/Assets/_MX/SpineLobbies/Maki_home
Maki_home,2,Maki_home,/home/augus/BA_MemorialLobby/characters/Maki_home_2_data.tres,/home/augus/BA_Extracted_Full/Assets/_MX/SpineLobbies/Maki_home
Maki_home,3,Maki_home,/home/augus/BA_MemorialLobby/characters/Maki_home_3_data.tres,/home/augus/BA_Extracted_Full/Assets/_MX/SpineLobbies/Maki_home
Marina_home,0,Marina_home,/home/augus/BA_MemorialLobby/characters/Marina_home_data.tres,/home/augus/BA_Extracted_Full/Assets/_MX/SpineLobbies/Marina_home
Marina_home,1,Marina_home,/home/augus/BA_MemorialLobby/characters/Marina_home_1_data.tres,/home/augus/BA_Extracted_Full/Assets/_MX/SpineLobbies/Marina_home
Marina_home,2,Marina_home,/home/augus/BA_MemorialLobby/characters/Marina_home_2_data.tres,/home/augus/BA_Extracted_Full/Assets/_MX/SpineLobbies/Marina_home
Marina_home,3,Marina_home,/home/augus/BA_MemorialLobby/characters/Marina_home_3_data.tres,/home/augus/BA_Extracted_Full/Assets/_MX/SpineLobbies/Marina_home
Mashiro_home,0,Mashiro_home,/home/augus/BA_MemorialLobby/characters/Mashiro_home_data.tres,/home/augus/BA_Extracted_Full/Assets/_MX/SpineLobbies/Mashiro_home
Mashiro_home,1,Mashiro_home,/home/augus/BA_MemorialLobby/characters/Mashiro_home_1_data.tres,/home/augus/BA_Extracted_Full/Assets/_MX/SpineLobbies/Mashiro_home
Mashiro_home,2,Mashiro_home,/home/augus/BA_MemorialLobby/characters/Mashiro_home_2_data.tres,/home/augus/BA_Extracted_Full/Assets/_MX/SpineLobbies/Mashiro_home
Mashiro_home,3,Mashiro_home,/home/augus/BA_MemorialLobby/characters/Mashiro_home_3_data.tres,/home/augus/BA_Extracted_Full/Assets/_MX/SpineLobbies/Mashiro_home
Mashiro_swimsuit_home,0,Mashiro_swimsuit_home,/home/augus/BA_MemorialLobby/characters/Mashiro_swimsuit_home_data.tres,/home/augus/BA_Extracted_Full/Assets/_MX/SpineLobbies/Mashiro_swimsuit_home
Mashiro_swimsuit_home,1,Mashiro_swimsuit_home,/home/augus/BA_MemorialLobby/characters/Mashiro_swimsuit_home_1_data.tres,/home/augus/BA_Extracted_Full/Assets/_MX/SpineLobbies/Mashiro_swimsuit_home
Mashiro_swimsuit_home,2,Mashiro_swimsuit_home,/home/augus/BA_MemorialLobby/characters/Mashiro_swimsuit_home_2_data.tres,/home/augus/BA_Extracted_Full/Assets/_MX/SpineLobbies/Mashiro_swimsuit_home
Mashiro_swimsuit_home,3,Mashiro_swimsuit_home,/home/augus/BA_MemorialLobby/characters/Mashiro_swimsuit_home_3_data.tres,/home/augus/BA_Extracted_Full/Assets/_MX/SpineLobbies/Mashiro_swimsuit_home
Midori_home,0,Midori_home,/home/augus/BA_MemorialLobby/characters/Midori_home_data.tres,/home/augus/BA_Extracted_Full/Assets/_MX/SpineLobbies/Midori_home
Midori_home,1,Midori_home,/home/augus/BA_MemorialLobby/characters/Midori_home_1_data.tres,/home/augus/BA_Extracted_Full/Assets/_MX/SpineLobbies/Midori_home
Midori_home,2,Midori_home,/home/augus/BA_MemorialLobby/characters/Midori_home_2_data.tres,/home/augus/BA_Extracted_Full/Assets/_MX/SpineLobbies/Midori_home
Midori_home,3,Midori_home,/home/augus/BA_MemorialLobby/characters/Midori_home_3_data.tres,/home/augus/BA_Extracted_Full/Assets/_MX/SpineLobbies/Midori_home
Mimori_home,0,Mimori_home,/home/augus/BA_MemorialLobby/characters/Mimori_home_data.tres,/home/augus/BA_Extracted_Full/Assets/_MX/SpineLobbies/Mimori_home
Mimori_home,1,Mimori_home,/home/augus/BA_MemorialLobby/characters/Mimori_home_1_data.tres,/home/augus/BA_Extracted_Full/Assets/_MX/SpineLobbies/Mimori_home
Mimori_home,2,Mimori_home,/home/augus/BA_MemorialLobby/characters/Mimori_home_2_data.tres,/home/augus/BA_Extracted_Full/Assets/_MX/SpineLobbies/Mimori_home
Mimori_home,3,Mimori_home,/home/augus/BA_MemorialLobby/characters/Mimori_home_3_data.tres,/home/augus/BA_Extracted_Full/Assets/_MX/SpineLobbies/Mimori_home
Misaki_home,0,Misaki_home,/home/augus/BA_MemorialLobby/characters/Misaki_home_data.tres,/home/augus/BA_Extracted_Full/Assets/_MX/SpineLobbies/Misaki_home
Misaki_home,1,Misaki_home,/home/augus/BA_MemorialLobby/characters/Misaki_home_1_data.tres,/home/augus/BA_Extracted_Full/Assets/_MX/SpineLobbies/Misaki_home
Misaki_home,2,Misaki_home,/home/augus/BA_MemorialLobby/characters/Misaki_home_2_data.tres,/home/augus/BA_Extracted_Full/Assets/_MX/SpineLobbies/Misaki_home
Misaki_home,3,Misaki_home,/home/augus/BA_MemorialLobby/characters/Misaki_home_3_data.tres,/home/augus/BA_Extracted_Full/Assets/_MX/SpineLobbies/Misaki_home
Miyako_home,0,Miyako_home,/home/augus/BA_MemorialLobby/characters/Miyako_home_data.tres,/home/augus/BA_Extracted_Full/Assets/_MX/SpineLobbies/Miyako_home
Miyako_home,1,Miyako_home,/home/augus/BA_MemorialLobby/characters/Miyako_home_1_data.tres,/home/augus/BA_Extracted_Full/Assets/_MX/SpineLobbies/Miyako_home
Miyako_home,2,Miyako_home,/home/augus/BA_MemorialLobby/characters/Miyako_home_2_data.tres,/home/augus/BA_Extracted_Full/Assets/_MX/SpineLobbies/Miyako_home
Miyako_home,3,Miyako_home,/home/augus/BA_MemorialLobby/characters/Miyako_home_3_data.tres,/home/augus/BA_Extracted_Full/Assets/_MX/SpineLobbies/Miyako_home
Moe_home,0,Moe_home,/home/augus/BA_MemorialLobby/characters/Moe_home_data.tres,/home/augus/BA_Extracted_Full/Assets/_MX/SpineLobbies/Moe_home
Moe_home,1,Moe_home,/home/augus/BA_MemorialLobby/characters/Moe_home_1_data.tres,/home/augus/BA_Extracted_Full/Assets/_MX/SpineLobbies/Moe_home
Moe_home,2,Moe_home,/home/augus/BA_MemorialLobby/characters/Moe_home_2_data.tres,/home/augus/BA_Extracted_Full/Assets/_MX/SpineLobbies/Moe_home
Moe_home,3,Moe_home,/home/augus/BA_MemorialLobby/characters/Moe_home_3_data.tres,/home/augus/BA_Extracted_Full/Assets/_MX/SpineLobbies/Moe_home
Mutsuki_home,0,Mutsuki_home,/home/augus/BA_MemorialLobby/characters/Mutsuki_home_data.tres,/home/augus/BA_Extracted_Full/Assets/_MX/SpineLobbies/Mutsuki_home
Mutsuki_home,1,Mutsuki_home,/home/augus/BA_MemorialLobby/characters/Mutsuki_home_1_data.tres,/home/augus/BA_Extracted_Full/Assets/_MX/SpineLobbies/Mutsuki_home
Mutsuki_home,2,Mutsuki_home,/home/augus/BA_MemorialLobby/characters/Mutsuki_home_2_data.tres,/home/augus/BA_Extracted_Full/Assets/_MX/SpineLobbies/Mutsuki_home
Mutsuki_home,3,Mutsuki_home,/home/augus/BA_MemorialLobby/characters/Mutsuki_home_3_data.tres,/home/augus/BA_Extracted_Full/Assets/_MX/SpineLobbies/Mutsuki_home
Nagisa_home,0,Nagisa_home,/home/augus/BA_MemorialLobby/characters/Nagisa_home_data.tres,/home/augus/BA_Extracted_Full/Assets/_MX/SpineLobbies/Nagisa_home
Nagisa_home,1,Nagisa_home,/home/augus/BA_MemorialLobby/characters/Nagisa_home_1_data.tres,/home/augus/BA_Extracted_Full/Assets/_MX/SpineLobbies/Nagisa_home
Nagisa_home,2,Nagisa_home,/home/augus/BA_MemorialLobby/characters/Nagisa_home_2_data.tres,/home/augus/BA_Extracted_Full/Assets/_MX/SpineLobbies/Nagisa_home
Nagisa_home,3,Nagisa_home,/home/augus/BA_MemorialLobby/characters/Nagisa_home_3_data.tres,/home/augus/BA_Extracted_Full/Assets/_MX/SpineLobbies/Nagisa_home
Neru_home,0,Neru_home,/home/augus/BA_MemorialLobby/characters/Neru_home_data.tres,/home/augus/BA_Extracted_Full/Assets/_MX/SpineLobbies/Neru_home
Neru_home,1,Neru_home,/home/augus/BA_MemorialLobby/characters/Neru_home_1_data.tres,/home/augus/BA_Extracted_Full/Assets/_MX/SpineLobbies/Neru_home
Neru_home,2,Neru_home,/home/augus/BA_MemorialLobby/characters/Neru_home_2_data.tres,/home/augus/BA_Extracted_Full/Assets/_MX/SpineLobbies/Neru_home
Neru_home,3,Neru_home,/home/augus/BA_MemorialLobby/characters/Neru_home_3_data.tres,/home/augus/BA_Extracted_Full/Assets/_MX/SpineLobbies/Neru_home
Nodoka_home,0,Nodoka_home,/home/augus/BA_MemorialLobby/characters/Nodoka_home_data.tres,/home/augus/BA_Extracted_Full/Assets/_MX/SpineLobbies/Nodoka_home
Nodoka_home,1,Nodoka_home,/home/augus/BA_MemorialLobby/characters/Nodoka_home_1_data.tres,/home/augus/BA_Extracted_Full/Assets/_MX/SpineLobbies/Nodoka_home
Nodoka_home,2,Nodoka_home,/home/augus/BA_MemorialLobby/characters/Nodoka_home_2_data.tres,/home/augus/BA_Extracted_Full/Assets/_MX/SpineLobbies/Nodoka_home
Nodoka_home,3,Nodoka_home,/home/augus/BA_MemorialLobby/characters/Nodoka_home_3_data.tres,/home/augus/BA_Extracted_Full/Assets/_MX/SpineLobbies/Nodoka_home
Nonomi_home,0,Nonomi_home,/home/augus/BA_MemorialLobby/characters/Nonomi_home_data.tres,/home/augus/BA_Extracted_Full/Assets/_MX/SpineLobbies/Nonomi_home
Nonomi_home,1,Nonomi_home,/home/augus/BA_MemorialLobby/characters/Nonomi_home_1_data.tres,/home/augus/BA_Extracted_Full/Assets/_MX/SpineLobbies/Nonomi_home
Nonomi_home,2,Nonomi_home,/home/augus/BA_MemorialLobby/characters/Nonomi_home_2_data.tres,/home/augus/BA_Extracted_Full/Assets/_MX/SpineLobbies/Nonomi_home
Nonomi_home,3,Nonomi_home,/home/augus/BA_MemorialLobby/characters/Nonomi_home_3_data.tres,/home/augus/BA_Extracted_Full/Assets/_MX/SpineLobbies/Nonomi_home
Pina_home,0,Pina_home,/home/augus/BA_MemorialLobby/characters/Pina_home_data.tres,/home/augus/BA_Extracted_Full/Assets/_MX/SpineLobbies/Pina_home
Pina_home,1,Pina_home,/home/augus/BA_MemorialLobby/characters/Pina_home_1_data.tres,/home/augus/BA_Extracted_Full/Assets/_MX/SpineLobbies/Pina_home
Pina_home,2,Pina_home,/home/augus/BA_MemorialLobby/characters/Pina_home_2_data.tres,/home/augus/BA_Extracted_Full/Assets/_MX/SpineLobbies/Pina_home
Pina_home,3,Pina_home,/home/augus/BA_MemorialLobby/characters/Pina_home_3_data.tres,/home/augus/BA_Extracted_Full/Assets/_MX/SpineLobbies/Pina_home
Sakurako_home,0,Sakurako_home,/home/augus/BA_MemorialLobby/characters/Sakurako_home_data.tres,/home/augus/BA_Extracted_Full/Assets/_MX/SpineLobbies/Sakurako_home
Sakurako_home,1,Sakurako_home,/home/augus/BA_MemorialLobby/characters/Sakurako_home_1_data.tres,/home/augus/BA_Extracted_Full/Assets/_MX/SpineLobbies/Sakurako_home
Sakurako_home,2,Sakurako_home,/home/augus/BA_MemorialLobby/characters/Sakurako_home_2_data.tres,/home/augus/BA_Extracted_Full/Assets/_MX/SpineLobbies/Sakurako_home
Sakurako_home,3,Sakurako_home,/home/augus/BA_MemorialLobby/characters/Sakurako_home_3_data.tres,/home/augus/BA_Extracted_Full/Assets/_MX/SpineLobbies/Sakurako_home
Saori_home,0,Saori_home,/home/augus/BA_MemorialLobby/characters/Saori_home_data.tres,/home/augus/BA_Extracted_Full/Assets/_MX/SpineLobbies/Saori_home
Saori_home,1,Saori_home,/home/augus/BA_MemorialLobby/characters/Saori_home_1_data.tres,/home/augus/BA_Extracted_Full/Assets/_MX/SpineLobbies/Saori_home
Saori_home,2,Saori_home,/home/augus/BA_MemorialLobby/characters/Saori_home_2_data.tres,/home/augus/BA_Extracted_Full/Assets/_MX/SpineLobbies/Saori_home
Saori_home,3,Saori_home,/home/augus/BA_MemorialLobby/characters/Saori_home_3_data.tres,/home/augus/BA_Extracted_Full/Assets/_MX/SpineLobbies/Saori_home
Saya_casual_home,0,Saya_casual_home,/home/augus/BA_MemorialLobby/characters/Saya_casual_home_data.tres,/home/augus/BA_Extracted_Full/Assets/_MX/SpineLobbies/Saya_casual_home
Saya_casual_home,1,Saya_casual_home,/home/augus/BA_MemorialLobby/characters/Saya_casual_home_1_data.tres,/home/augus/BA_Extracted_Full/Assets/_MX/SpineLobbies/Saya_casual_home
Saya_casual_home,2,Saya_casual_home,/home/augus/BA_MemorialLobby/characters/Saya_casual_home_2_data.tres,/home/augus/BA_Extracted_Full/Assets/_MX/SpineLobbies/Saya_casual_home
Saya_casual_home,3,Saya_casual_home,/home/augus/BA_MemorialLobby/characters/Saya_casual_home_3_data.tres,/home/augus/BA_Extracted_Full/Assets/_MX/SpineLobbies/Saya_casual_home
Saya_home,0,Saya_home,/home/augus/BA_MemorialLobby/characters/Saya_home_data.tres,/home/augus/BA_Extracted_Full/Assets/_MX/SpineLobbies/Saya_home
Saya_home,1,Saya_home,/home/augus/BA_MemorialLobby/characters/Saya_home_1_data.tres,/home/augus/BA_Extracted_Full/Assets/_MX/SpineLobbies/Saya_home
Saya_home,2,Saya_home,/home/augus/BA_MemorialLobby/characters/Saya_home_2_data.tres,/home/augus/BA_Extracted_Full/Assets/_MX/SpineLobbies/Saya_home
Saya_home,3,Saya_home,/home/augus/BA_MemorialLobby/characters/Saya_home_3_data.tres,/home/augus/BA_Extracted_Full/Assets/_MX/SpineLobbies/Saya_home
Serika_home,0,Serika_home,/home/augus/BA_MemorialLobby/characters/Serika_home_data.tres,/home/augus/BA_Extracted_Full/Assets/_MX/SpineLobbies/Serika_home
Serika_home,1,Serika_home,/home/augus/BA_MemorialLobby/characters/Serika_home_1_data.tres,/home/augus/BA_Extracted_Full/Assets/_MX/SpineLobbies/Serika_home
Serika_home,2,Serika_home,/home/augus/BA_MemorialLobby/characters/Serika_home_2_data.tres,/home/augus/BA_Extracted_Full/Assets/_MX/SpineLobbies/Serika_home
Serika_home,3,Serika_home,/home/augus/BA_MemorialLobby/characters/Serika_home_3_data.tres,/home/augus/BA_Extracted_Full/Assets/_MX/SpineLobbies/Serika_home
Shigure_home,0,Shigure_home,/home/augus/BA_MemorialLobby/characters/Shigure_home_data.tres,/home/augus/BA_Extracted_Full/Assets/_MX/SpineLobbies/Shigure_home
Shigure_home,1,Shigure_home,/home/augus/BA_MemorialLobby/characters/Shigure_home_1_data.tres,/home/augus/BA_Extracted_Full/Assets/_MX/SpineLobbies/Shigure_home
Shigure_home,2,Shigure_home,/home/augus/BA_MemorialLobby/characters/Shigure_home_2_data.tres,/home/augus/BA_Extracted_Full/Assets/_MX/SpineLobbies/Shigure_home
Shigure_home,3,Shigure_home,/home/augus/BA_MemorialLobby/characters/Shigure_home_3_data.tres,/home/augus/BA_Extracted_Full/Assets/_MX/SpineLobbies/Shigure_home
Shimiko_home,0,Shimiko_home,/home/augus/BA_MemorialLobby/characters/Shimiko_home_data.tres,/home/augus/BA_Extracted_Full/Assets/_MX/SpineLobbies/Shimiko_home
Shimiko_home,1,Shimiko_home,/home/augus/BA_MemorialLobby/characters/Shimiko_home_1_data.tres,/home/augus/BA_Extracted_Full/Assets/_MX/SpineLobbies/Shimiko_home
Shimiko_home,2,Shimiko_home,/home/augus/BA_MemorialLobby/characters/Shimiko_home_2_data.tres,/home/augus/BA_Extracted_Full/Assets/_MX/SpineLobbies/Shimiko_home
Shimiko_home,3,Shimiko_home,/home/augus/BA_MemorialLobby/characters/Shimiko_home_3_data.tres,/home/augus/BA_Extracted_Full/Assets/_MX/SpineLobbies/Shimiko_home
Shiroko_home,0,Shiroko_home,/home/augus/BA_MemorialLobby/characters/Shiroko_home_data.tres,/home/augus/BA_Extracted_Full/Assets/_MX/SpineLobbies/Shiroko_home
Shiroko_home,1,Shiroko_home,/home/augus/BA_MemorialLobby/characters/Shiroko_home_1_data.tres,/home/augus/BA_Extracted_Full/Assets/_MX/SpineLobbies/Shiroko_home
Shiroko_home,2,Shiroko_home,/home/augus/BA_MemorialLobby/characters/Shiroko_home_2_data.tres,/home/augus/BA_Extracted_Full/Assets/_MX/SpineLobbies/Shiroko_home
Shiroko_home,3,Shiroko_home,/home/augus/BA_MemorialLobby/characters/Shiroko_home_3_data.tres,/home/augus/BA_Extracted_Full/Assets/_MX/SpineLobbies/Shiroko_home
Shiroko_ridingsuit_home,0,Shiroko_ridingsuit_home,/home/augus/BA_MemorialLobby/characters/Shiroko_ridingsuit_home_data.tres,/home/augus/BA_Extracted_Full/Assets/_MX/SpineLobbies/Shiroko_ridingsuit_home
Shiroko_ridingsuit_home,1,Shiroko_ridingsuit_home,/home/augus/BA_MemorialLobby/characters/Shiroko_ridingsuit_home_1_data.tres,/home/augus/BA_Extracted_Full/Assets/_MX/SpineLobbies/Shiroko_ridingsuit_home
Shiroko_ridingsuit_home,2,Shiroko_ridingsuit_home,/home/augus/BA_MemorialLobby/characters/Shiroko_ridingsuit_home_2_data.tres,/home/augus/BA_Extracted_Full/Assets/_MX/SpineLobbies/Shiroko_ridingsuit_home
Shiroko_ridingsuit_home,3,Shiroko_ridingsuit_home,/home/augus/BA_MemorialLobby/characters/Shiroko_ridingsuit_home_3_data.tres,/home/augus/BA_Extracted_Full/Assets/_MX/SpineLobbies/Shiroko_ridingsuit_home
Shizuko_home,0,Shizuko_home,/home/augus/BA_MemorialLobby/characters/Shizuko_home_data.tres,/home/augus/BA_Extracted_Full/Assets/_MX/SpineLobbies/Shizuko_home
Shizuko_home,1,Shizuko_home,/home/augus/BA_MemorialLobby/characters/Shizuko_home_1_data.tres,/home/augus/BA_Extracted_Full/Assets/_MX/SpineLobbies/Shizuko_home
Shizuko_home,2,Shizuko_home,/home/augus/BA_MemorialLobby/characters/Shizuko_home_2_data.tres,/home/augus/BA_Extracted_Full/Assets/_MX/SpineLobbies/Shizuko_home
Shizuko_home,3,Shizuko_home,/home/augus/BA_MemorialLobby/characters/Shizuko_home_3_data.tres,/home/augus/BA_Extracted_Full/Assets/_MX/SpineLobbies/Shizuko_home
Shun_home,0,Shun_home,/home/augus/BA_MemorialLobby/characters/Shun_home_data.tres,/home/augus/BA_Extracted_Full/Assets/_MX/SpineLobbies/Shun_home
Shun_home,1,Shun_home,/home/augus/BA_MemorialLobby/characters/Shun_home_1_data.tres,/home/augus/BA_Extracted_Full/Assets/_MX/SpineLobbies/Shun_home
Shun_home,2,Shun_home,/home/augus/BA_MemorialLobby/characters/Shun_home_2_data.tres,/home/augus/BA_Extracted_Full/Assets/_MX/SpineLobbies/Shun_home
Shun_home,3,Shun_home,/home/augus/BA_MemorialLobby/characters/Shun_home_3_data.tres,/home/augus/BA_Extracted_Full/Assets/_MX/SpineLobbies/Shun_home
Sumire_home,0,Sumire_home,/home/augus/BA_MemorialLobby/characters/Sumire_home_data.tres,/home/augus/BA_Extracted_Full/Assets/_MX/SpineLobbies/Sumire_home
Sumire_home,1,Sumire_home,/home/augus/BA_MemorialLobby/characters/Sumire_home_1_data.tres,/home/augus/BA_Extracted_Full/Assets/_MX/SpineLobbies/Sumire_home
Sumire_home,2,Sumire_home,/home/augus/BA_MemorialLobby/characters/Sumire_home_2_data.tres,/home/augus/BA_Extracted_Full/Assets/_MX/SpineLobbies/Sumire_home
Sumire_home,3,Sumire_home,/home/augus/BA_MemorialLobby/characters/Sumire_home_3_data.tres,/home/augus/BA_Extracted_Full/Assets/_MX/SpineLobbies/Sumire_home
Suzumi_home,0,Suzumi_home,/home/augus/BA_MemorialLobby/characters/Suzumi_home_data.tres,/home/augus/BA_Extracted_Full/Assets/_MX/SpineLobbies/Suzumi_home
Suzumi_home,1,Suzumi_home,/home/augus/BA_MemorialLobby/characters/Suzumi_home_1_data.tres,/home/augus/BA_Extracted_Full/Assets/_MX/SpineLobbies/Suzumi_home
Suzumi_home,2,Suzumi_home,/home/augus/BA_MemorialLobby/characters/Suzumi_home_2_data.tres,/home/augus/BA_Extracted_Full/Assets/_MX/SpineLobbies/Suzumi_home
Suzumi_home,3,Suzumi_home,/home/augus/BA_MemorialLobby/characters/Suzumi_home_3_data.tres,/home/augus/BA_Extracted_Full/Assets/_MX/SpineLobbies/Suzumi_home
Tomoe_home,0,Tomoe_home,/home/augus/BA_MemorialLobby/characters/Tomoe_home_data.tres,/home/augus/BA_Extracted_Full/Assets/_MX/SpineLobbies/Tomoe_home
Tomoe_home,1,Tomoe_home,/home/augus/BA_MemorialLobby/characters/Tomoe_home_1_data.tres,/home/augus/BA_Extracted_Full/Assets/_MX/SpineLobbies/Tomoe_home
Tomoe_home,2,Tomoe_home,/home/augus/BA_MemorialLobby/characters/Tomoe_home_2_data.tres,/home/augus/BA_Extracted_Full/Assets/_MX/SpineLobbies/Tomoe_home
Tomoe_home,3,Tomoe_home,/home/augus/BA_MemorialLobby/characters/Tomoe_home_3_data.tres,/home/augus/BA_Extracted_Full/Assets/_MX/SpineLobbies/Tomoe_home
Tsubaki_home,0,Tsubaki_home,/home/augus/BA_MemorialLobby/characters/Tsubaki_home_data.tres,/home/augus/BA_Extracted_Full/Assets/_MX/SpineLobbies/Tsubaki_home
Tsubaki_home,1,Tsubaki_home,/home/augus/BA_MemorialLobby/characters/Tsubaki_home_1_data.tres,/home/augus/BA_Extracted_Full/Assets/_MX/SpineLobbies/Tsubaki_home
Tsubaki_home,2,Tsubaki_home,/home/augus/BA_MemorialLobby/characters/Tsubaki_home_2_data.tres,/home/augus/BA_Extracted_Full/Assets/_MX/SpineLobbies/Tsubaki_home
Tsubaki_home,3,Tsubaki_home,/home/augus/BA_MemorialLobby/characters/Tsubaki_home_3_data.tres,/home/augus/BA_Extracted_Full/Assets/_MX/SpineLobbies/Tsubaki_home
Tsurugi_home,0,Tsurugi_home,/home/augus/BA_MemorialLobby/characters/Tsurugi_home_data.tres,/home/augus/BA_Extracted_Full/Assets/_MX/SpineLobbies/Tsurugi_home
Tsurugi_home,1,Tsurugi_home,/home/augus/BA_MemorialLobby/characters/Tsurugi_home_1_data.tres,/home/augus/BA_Extracted_Full/Assets/_MX/SpineLobbies/Tsurugi_home
Tsurugi_home,2,Tsurugi_home,/home/augus/BA_MemorialLobby/characters/Tsurugi_home_2_data.tres,/home/augus/BA_Extracted_Full/Assets/_MX/SpineLobbies/Tsurugi_home
Tsurugi_home,3,Tsurugi_home,/home/augus/BA_MemorialLobby/characters/Tsurugi_home_3_data.tres,/home/augus/BA_Extracted_Full/Assets/_MX/SpineLobbies/Tsurugi_home
Utaha_home,0,Utaha_home,/home/augus/BA_MemorialLobby/characters/Utaha_home_data.tres,/home/augus/BA_Extracted_Full/Assets/_MX/SpineLobbies/Utaha_home
Utaha_home,1,Utaha_home,/home/augus/BA_MemorialLobby/characters/Utaha_home_1_data.tres,/home/augus/BA_Extracted_Full/Assets/_MX/SpineLobbies/Utaha_home
Utaha_home,2,Utaha_home,/home/augus/BA_MemorialLobby/characters/Utaha_home_2_data.tres,/home/augus/BA_Extracted_Full/Assets/_MX/SpineLobbies/Utaha_home
Utaha_home,3,Utaha_home,/home/augus/BA_MemorialLobby/characters/Utaha_home_3_data.tres,/home/augus/BA_Extracted_Full/Assets/_MX/SpineLobbies/Utaha_home
Yoshimi_home,0,Yoshimi_home,/home/augus/BA_MemorialLobby/characters/Yoshimi_home_data.tres,/home/augus/BA_Extracted_Full/Assets/_MX/SpineLobbies/Yoshimi_home
Yoshimi_home,1,Yoshimi_home,/home/augus/BA_MemorialLobby/characters/Yoshimi_home_1_data.tres,/home/augus/BA_Extracted_Full/Assets/_MX/SpineLobbies/Yoshimi_home
Yoshimi_home,2,Yoshimi_home,/home/augus/BA_MemorialLobby/characters/Yoshimi_home_2_data.tres,/home/augus/BA_Extracted_Full/Assets/_MX/SpineLobbies/Yoshimi_home
Yoshimi_home,3,Yoshimi_home,/home/augus/BA_MemorialLobby/characters/Yoshimi_home_3_data.tres,/home/augus/BA_Extracted_Full/Assets/_MX/SpineLobbies/Yoshimi_home
Yuuka_home,0,Yuuka_home,/home/augus/BA_MemorialLobby/characters/Yuuka_home_data.tres,/home/augus/BA_Extracted_Full/Assets/_MX/SpineLobbies/Yuuka_home
Yuuka_home,1,Yuuka_home,/home/augus/BA_MemorialLobby/characters/Yuuka_home_1_data.tres,/home/augus/BA_Extracted_Full/Assets/_MX/SpineLobbies/Yuuka_home
Yuuka_home,2,Yuuka_home,/home/augus/BA_MemorialLobby/characters/Yuuka_home_2_data.tres,/home/augus/BA_Extracted_Full/Assets/_MX/SpineLobbies/Yuuka_home
Yuuka_home,3,Yuuka_home,/home/augus/BA_MemorialLobby/characters/Yuuka_home_3_data.tres,/home/augus/BA_Extracted_Full/Assets/_MX/SpineLobbies/Yuuka_home
Zunko_home,0,Zunko_home,/home/augus/BA_MemorialLobby/characters/Zunko_home_data.tres,/home/augus/BA_Extracted_Full/Assets/_MX/SpineLobbies/Zunko_home
Zunko_home,1,Zunko_home,/home/augus/BA_MemorialLobby/characters/Zunko_home_1_data.tres,/home/augus/BA_Extracted_Full/Assets/_MX/SpineLobbies/Zunko_home
Zunko_home,2,Zunko_home,/home/augus/BA_MemorialLobby/characters/Zunko_home_2_data.tres,/home/augus/BA_Extracted_Full/Assets/_MX/SpineLobbies/Zunko_home
Zunko_home,3,Zunko_home,/home/augus/BA_MemorialLobby/characters/Zunko_home_3_data.tres,/home/augus/BA_Extracted_Full/Assets/_MX/SpineLobbies/Zunko_home
ako_home_Teen,0,ako_home_Teen,/home/augus/BA_MemorialLobby/characters/ako_home_Teen_data.tres,/home/augus/BA_Extracted_Full/Assets/_MX/SpineLobbies/ako_home_Teen
ako_home_Teen,1,ako_home_Teen,/home/augus/BA_MemorialLobby/characters/ako_home_Teen_1_data.tres,/home/augus/BA_Extracted_Full/Assets/_MX/SpineLobbies/ako_home_Teen
ako_home_Teen,2,ako_home_Teen,/home/augus/BA_MemorialLobby/characters/ako_home_Teen_2_data.tres,/home/augus/BA_Extracted_Full/Assets/_MX/SpineLobbies/ako_home_Teen
ako_home_Teen,3,ako_home_Teen,/home/augus/BA_MemorialLobby/characters/ako_home_Teen_3_data.tres,/home/augus/BA_Extracted_Full/Assets/_MX/SpineLobbies/ako_home_Teen
